delay_h,quantile,calibration_base_n,after_common_cutoff_n,excluded_by_cutoff_n,rows_dropped_for_predictor_missingness,required_source_columns,encoded_columns_before_filter,encoded_columns_used,training_only_removed_columns,calibration_rows_with_any_missing_predictor,calibration_keys_sha256,latest_target,latest_arrival,first_test_issue,finite_predictions
0,0.025,103000,101012,1988,0,45,73,73,,13340,e2ee98bbfb44b87b58aa74da8966f100ba1bc6363225ae070d6659d7cde0b391,2016-02-22 23:00:00,2016-02-22 23:00:00,2016-03-01 00:00:00,True
0,0.05,103000,101012,1988,0,45,73,73,,13340,e2ee98bbfb44b87b58aa74da8966f100ba1bc6363225ae070d6659d7cde0b391,2016-02-22 23:00:00,2016-02-22 23:00:00,2016-03-01 00:00:00,True
0,0.95,103000,101012,1988,0,45,73,73,,13340,e2ee98bbfb44b87b58aa74da8966f100ba1bc6363225ae070d6659d7cde0b391,2016-02-22 23:00:00,2016-02-22 23:00:00,2016-03-01 00:00:00,True
0,0.975,103000,101012,1988,0,45,73,73,,13340,e2ee98bbfb44b87b58aa74da8966f100ba1bc6363225ae070d6659d7cde0b391,2016-02-22 23:00:00,2016-02-22 23:00:00,2016-03-01 00:00:00,True
6,0.025,103000,101012,1988,0,45,73,70,PM2.5;pm25_lag_1h;pm25_lag_3h,11678,e2ee98bbfb44b87b58aa74da8966f100ba1bc6363225ae070d6659d7cde0b391,2016-02-22 23:00:00,2016-02-23 05:00:00,2016-03-01 00:00:00,True
6,0.05,103000,101012,1988,0,45,73,70,PM2.5;pm25_lag_1h;pm25_lag_3h,11678,e2ee98bbfb44b87b58aa74da8966f100ba1bc6363225ae070d6659d7cde0b391,2016-02-22 23:00:00,2016-02-23 05:00:00,2016-03-01 00:00:00,True
6,0.95,103000,101012,1988,0,45,73,70,PM2.5;pm25_lag_1h;pm25_lag_3h,11678,e2ee98bbfb44b87b58aa74da8966f100ba1bc6363225ae070d6659d7cde0b391,2016-02-22 23:00:00,2016-02-23 05:00:00,2016-03-01 00:00:00,True
6,0.975,103000,101012,1988,0,45,73,70,PM2.5;pm25_lag_1h;pm25_lag_3h,11678,e2ee98bbfb44b87b58aa74da8966f100ba1bc6363225ae070d6659d7cde0b391,2016-02-22 23:00:00,2016-02-23 05:00:00,2016-03-01 00:00:00,True
24,0.025,103000,101012,1988,0,45,73,66,PM2.5;pm25_lag_12h;pm25_lag_1h;pm25_lag_3h;pm25_lag_6h;pm25_mean_24h;pm25_std_24h,9127,e2ee98bbfb44b87b58aa74da8966f100ba1bc6363225ae070d6659d7cde0b391,2016-02-22 23:00:00,2016-02-23 23:00:00,2016-03-01 00:00:00,True
24,0.05,103000,101012,1988,0,45,73,66,PM2.5;pm25_lag_12h;pm25_lag_1h;pm25_lag_3h;pm25_lag_6h;pm25_mean_24h;pm25_std_24h,9127,e2ee98bbfb44b87b58aa74da8966f100ba1bc6363225ae070d6659d7cde0b391,2016-02-22 23:00:00,2016-02-23 23:00:00,2016-03-01 00:00:00,True
24,0.95,103000,101012,1988,0,45,73,66,PM2.5;pm25_lag_12h;pm25_lag_1h;pm25_lag_3h;pm25_lag_6h;pm25_mean_24h;pm25_std_24h,9127,e2ee98bbfb44b87b58aa74da8966f100ba1bc6363225ae070d6659d7cde0b391,2016-02-22 23:00:00,2016-02-23 23:00:00,2016-03-01 00:00:00,True
24,0.975,103000,101012,1988,0,45,73,66,PM2.5;pm25_lag_12h;pm25_lag_1h;pm25_lag_3h;pm25_lag_6h;pm25_mean_24h;pm25_std_24h,9127,e2ee98bbfb44b87b58aa74da8966f100ba1bc6363225ae070d6659d7cde0b391,2016-02-22 23:00:00,2016-02-23 23:00:00,2016-03-01 00:00:00,True
72,0.025,103000,101012,1988,0,45,73,64,PM2.5;pm25_lag_12h;pm25_lag_1h;pm25_lag_24h;pm25_lag_3h;pm25_lag_48h;pm25_lag_6h;pm25_mean_24h;pm25_std_24h,5928,e2ee98bbfb44b87b58aa74da8966f100ba1bc6363225ae070d6659d7cde0b391,2016-02-22 23:00:00,2016-02-25 23:00:00,2016-03-01 00:00:00,True
72,0.05,103000,101012,1988,0,45,73,64,PM2.5;pm25_lag_12h;pm25_lag_1h;pm25_lag_24h;pm25_lag_3h;pm25_lag_48h;pm25_lag_6h;pm25_mean_24h;pm25_std_24h,5928,e2ee98bbfb44b87b58aa74da8966f100ba1bc6363225ae070d6659d7cde0b391,2016-02-22 23:00:00,2016-02-25 23:00:00,2016-03-01 00:00:00,True
72,0.95,103000,101012,1988,0,45,73,64,PM2.5;pm25_lag_12h;pm25_lag_1h;pm25_lag_24h;pm25_lag_3h;pm25_lag_48h;pm25_lag_6h;pm25_mean_24h;pm25_std_24h,5928,e2ee98bbfb44b87b58aa74da8966f100ba1bc6363225ae070d6659d7cde0b391,2016-02-22 23:00:00,2016-02-25 23:00:00,2016-03-01 00:00:00,True
72,0.975,103000,101012,1988,0,45,73,64,PM2.5;pm25_lag_12h;pm25_lag_1h;pm25_lag_24h;pm25_lag_3h;pm25_lag_48h;pm25_lag_6h;pm25_mean_24h;pm25_std_24h,5928,e2ee98bbfb44b87b58aa74da8966f100ba1bc6363225ae070d6659d7cde0b391,2016-02-22 23:00:00,2016-02-25 23:00:00,2016-03-01 00:00:00,True
168,0.025,103000,101012,1988,0,45,73,62,PM2.5;pm25_lag_12h;pm25_lag_1h;pm25_lag_24h;pm25_lag_3h;pm25_lag_48h;pm25_lag_6h;pm25_mean_168h;pm25_mean_24h;pm25_std_168h;pm25_std_24h,5927,e2ee98bbfb44b87b58aa74da8966f100ba1bc6363225ae070d6659d7cde0b391,2016-02-22 23:00:00,2016-02-29 23:00:00,2016-03-01 00:00:00,True
168,0.05,103000,101012,1988,0,45,73,62,PM2.5;pm25_lag_12h;pm25_lag_1h;pm25_lag_24h;pm25_lag_3h;pm25_lag_48h;pm25_lag_6h;pm25_mean_168h;pm25_mean_24h;pm25_std_168h;pm25_std_24h,5927,e2ee98bbfb44b87b58aa74da8966f100ba1bc6363225ae070d6659d7cde0b391,2016-02-22 23:00:00,2016-02-29 23:00:00,2016-03-01 00:00:00,True
168,0.95,103000,101012,1988,0,45,73,62,PM2.5;pm25_lag_12h;pm25_lag_1h;pm25_lag_24h;pm25_lag_3h;pm25_lag_48h;pm25_lag_6h;pm25_mean_168h;pm25_mean_24h;pm25_std_168h;pm25_std_24h,5927,e2ee98bbfb44b87b58aa74da8966f100ba1bc6363225ae070d6659d7cde0b391,2016-02-22 23:00:00,2016-02-29 23:00:00,2016-03-01 00:00:00,True
168,0.975,103000,101012,1988,0,45,73,62,PM2.5;pm25_lag_12h;pm25_lag_1h;pm25_lag_24h;pm25_lag_3h;pm25_lag_48h;pm25_lag_6h;pm25_mean_168h;pm25_mean_24h;pm25_std_168h;pm25_std_24h,5927,e2ee98bbfb44b87b58aa74da8966f100ba1bc6363225ae070d6659d7cde0b391,2016-02-22 23:00:00,2016-02-29 23:00:00,2016-03-01 00:00:00,True
