scenario,delay_h,nominal,left,right,left_label,right_label,block_days,estimate,lower95,upper95,replicates,seed,n,origin_days,interval_type
exploratory_main,0,0.9,CQR_adapted,rolling_valid,CQR with delay-specific training,Rolling valid,7,-58.930492526636066,-98.65682211888148,-25.38413845520275,10000,20261013,102465,364,"pointwise percentile, conditional on fitted models"
exploratory_main,0,0.9,CQR_adapted,rolling_valid,CQR with delay-specific training,Rolling valid,14,-58.930492526636066,-99.39861190515816,-24.777245510375057,10000,20261020,102465,364,"pointwise percentile, conditional on fitted models"
exploratory_main,0,0.9,CQR_adapted,rolling_valid,CQR with delay-specific training,Rolling valid,28,-58.930492526636066,-104.08957476203082,-21.008407898151166,10000,20261034,102465,364,"pointwise percentile, conditional on fitted models"
exploratory_main,0,0.9,ACI_delayed_projected,rolling_valid,ACI-inspired daily delayed-feedback heuristic (ADH),Rolling valid,7,-9.93314372181661,-28.407959347709248,3.3401509008366634,10000,20261013,102465,364,"pointwise percentile, conditional on fitted models"
exploratory_main,0,0.9,ACI_delayed_projected,rolling_valid,ACI-inspired daily delayed-feedback heuristic (ADH),Rolling valid,14,-9.93314372181661,-26.94994495276983,2.91776274470286,10000,20261020,102465,364,"pointwise percentile, conditional on fitted models"
exploratory_main,0,0.9,ACI_delayed_projected,rolling_valid,ACI-inspired daily delayed-feedback heuristic (ADH),Rolling valid,28,-9.93314372181661,-29.55238463311506,2.666422068723536,10000,20261034,102465,364,"pointwise percentile, conditional on fitted models"
exploratory_main,0,0.9,CQR_adapted,ACI_delayed_projected,CQR with delay-specific training,ACI-inspired daily delayed-feedback heuristic (ADH),7,-48.99734880481945,-86.03577224563907,-14.53984769122461,10000,20261013,102465,364,"pointwise percentile, conditional on fitted models"
exploratory_main,0,0.9,CQR_adapted,ACI_delayed_projected,CQR with delay-specific training,ACI-inspired daily delayed-feedback heuristic (ADH),14,-48.99734880481945,-85.95325611291777,-15.521667681896972,10000,20261020,102465,364,"pointwise percentile, conditional on fitted models"
exploratory_main,0,0.9,CQR_adapted,ACI_delayed_projected,CQR with delay-specific training,ACI-inspired daily delayed-feedback heuristic (ADH),28,-48.99734880481945,-85.05372070866355,-18.48144919299646,10000,20261034,102465,364,"pointwise percentile, conditional on fitted models"
exploratory_main,0,0.9,CQR_adapted,quantile_raw,CQR with delay-specific training,quantile_raw,7,-0.9695600669165818,-1.8230443704750785,-0.16077620349646626,10000,20261013,102465,364,"pointwise percentile, conditional on fitted models"
exploratory_main,0,0.9,CQR_adapted,quantile_raw,CQR with delay-specific training,quantile_raw,14,-0.9695600669165818,-1.911401484841454,-0.09481971833891577,10000,20261020,102465,364,"pointwise percentile, conditional on fitted models"
exploratory_main,0,0.9,CQR_adapted,quantile_raw,CQR with delay-specific training,quantile_raw,28,-0.9695600669165818,-1.9633441748069806,-0.01603499196434814,10000,20261034,102465,364,"pointwise percentile, conditional on fitted models"
exploratory_main,0,0.9,CQR_adapted,static_unmatched,CQR with delay-specific training,static_unmatched,7,-100.44154339630327,-178.0985510708484,-42.08465361836815,10000,20261013,102465,364,"pointwise percentile, conditional on fitted models"
exploratory_main,0,0.9,CQR_adapted,static_unmatched,CQR with delay-specific training,static_unmatched,14,-100.44154339630327,-183.37185131681483,-36.393323609978616,10000,20261020,102465,364,"pointwise percentile, conditional on fitted models"
exploratory_main,0,0.9,CQR_adapted,static_unmatched,CQR with delay-specific training,static_unmatched,28,-100.44154339630327,-207.0205871983841,-29.07180747449556,10000,20261034,102465,364,"pointwise percentile, conditional on fitted models"
exploratory_main,0,0.9,CQR_adapted,static_matched,CQR with delay-specific training,static_matched,7,-100.44154339630327,-178.0985510708484,-42.08465361836815,10000,20261013,102465,364,"pointwise percentile, conditional on fitted models"
exploratory_main,0,0.9,CQR_adapted,static_matched,CQR with delay-specific training,static_matched,14,-100.44154339630327,-183.37185131681483,-36.393323609978616,10000,20261020,102465,364,"pointwise percentile, conditional on fitted models"
exploratory_main,0,0.9,CQR_adapted,static_matched,CQR with delay-specific training,static_matched,28,-100.44154339630327,-207.0205871983841,-29.07180747449556,10000,20261034,102465,364,"pointwise percentile, conditional on fitted models"
exploratory_main,0,0.9,ACI_delayed_projected,static_unmatched,ACI-inspired daily delayed-feedback heuristic (ADH),static_unmatched,7,-51.44419459148382,-133.0238365529801,5.710866068724256,10000,20261013,102465,364,"pointwise percentile, conditional on fitted models"
exploratory_main,0,0.9,ACI_delayed_projected,static_unmatched,ACI-inspired daily delayed-feedback heuristic (ADH),static_unmatched,14,-51.44419459148382,-133.46112934163648,8.290293106859483,10000,20261020,102465,364,"pointwise percentile, conditional on fitted models"
exploratory_main,0,0.9,ACI_delayed_projected,static_unmatched,ACI-inspired daily delayed-feedback heuristic (ADH),static_unmatched,28,-51.44419459148382,-148.36038322047466,5.402637573327414,10000,20261034,102465,364,"pointwise percentile, conditional on fitted models"
exploratory_main,0,0.9,ACI_delayed_projected,static_matched,ACI-inspired daily delayed-feedback heuristic (ADH),static_matched,7,-51.44419459148382,-133.0238365529801,5.710866068724256,10000,20261013,102465,364,"pointwise percentile, conditional on fitted models"
exploratory_main,0,0.9,ACI_delayed_projected,static_matched,ACI-inspired daily delayed-feedback heuristic (ADH),static_matched,14,-51.44419459148382,-133.46112934163648,8.290293106859483,10000,20261020,102465,364,"pointwise percentile, conditional on fitted models"
exploratory_main,0,0.9,ACI_delayed_projected,static_matched,ACI-inspired daily delayed-feedback heuristic (ADH),static_matched,28,-51.44419459148382,-148.36038322047466,5.402637573327414,10000,20261034,102465,364,"pointwise percentile, conditional on fitted models"
exploratory_main,0,0.95,CQR_adapted,rolling_valid,CQR with delay-specific training,Rolling valid,7,-68.66836796771065,-139.8565960585238,-8.83637415039557,10000,20261013,102465,364,"pointwise percentile, conditional on fitted models"
exploratory_main,0,0.95,CQR_adapted,rolling_valid,CQR with delay-specific training,Rolling valid,14,-68.66836796771065,-137.4365313856293,-9.902958996850389,10000,20261020,102465,364,"pointwise percentile, conditional on fitted models"
exploratory_main,0,0.95,CQR_adapted,rolling_valid,CQR with delay-specific training,Rolling valid,28,-68.66836796771065,-134.45611579292628,-14.504791624856882,10000,20261034,102465,364,"pointwise percentile, conditional on fitted models"
exploratory_main,0,0.95,ACI_delayed_projected,rolling_valid,ACI-inspired daily delayed-feedback heuristic (ADH),Rolling valid,7,-17.045190814303,-42.40893051445174,3.0955826698618516,10000,20261013,102465,364,"pointwise percentile, conditional on fitted models"
exploratory_main,0,0.95,ACI_delayed_projected,rolling_valid,ACI-inspired daily delayed-feedback heuristic (ADH),Rolling valid,14,-17.045190814303,-40.74082483307732,2.5720349700823255,10000,20261020,102465,364,"pointwise percentile, conditional on fitted models"
exploratory_main,0,0.95,ACI_delayed_projected,rolling_valid,ACI-inspired daily delayed-feedback heuristic (ADH),Rolling valid,28,-17.045190814303,-45.23415665434726,3.1216201430392556,10000,20261034,102465,364,"pointwise percentile, conditional on fitted models"
exploratory_main,0,0.95,CQR_adapted,ACI_delayed_projected,CQR with delay-specific training,ACI-inspired daily delayed-feedback heuristic (ADH),7,-51.62317715340765,-112.49923996977368,7.472091667887904,10000,20261013,102465,364,"pointwise percentile, conditional on fitted models"
exploratory_main,0,0.95,CQR_adapted,ACI_delayed_projected,CQR with delay-specific training,ACI-inspired daily delayed-feedback heuristic (ADH),14,-51.62317715340765,-110.45316456998572,3.1595754614327927,10000,20261020,102465,364,"pointwise percentile, conditional on fitted models"
exploratory_main,0,0.95,CQR_adapted,ACI_delayed_projected,CQR with delay-specific training,ACI-inspired daily delayed-feedback heuristic (ADH),28,-51.62317715340765,-102.17477407849155,-10.270885927712786,10000,20261034,102465,364,"pointwise percentile, conditional on fitted models"
exploratory_main,0,0.95,CQR_adapted,quantile_raw,CQR with delay-specific training,quantile_raw,7,-0.7673769340647395,-1.4093749346188778,-0.1930232799987008,10000,20261013,102465,364,"pointwise percentile, conditional on fitted models"
exploratory_main,0,0.95,CQR_adapted,quantile_raw,CQR with delay-specific training,quantile_raw,14,-0.7673769340647395,-1.4761433259067542,-0.14361388360376579,10000,20261020,102465,364,"pointwise percentile, conditional on fitted models"
exploratory_main,0,0.95,CQR_adapted,quantile_raw,CQR with delay-specific training,quantile_raw,28,-0.7673769340647395,-1.5491908278470492,-0.0771855900554042,10000,20261034,102465,364,"pointwise percentile, conditional on fitted models"
exploratory_main,0,0.95,CQR_adapted,static_unmatched,CQR with delay-specific training,static_unmatched,7,-126.62564999421558,-247.96108599821326,-39.83349342691329,10000,20261013,102465,364,"pointwise percentile, conditional on fitted models"
exploratory_main,0,0.95,CQR_adapted,static_unmatched,CQR with delay-specific training,static_unmatched,14,-126.62564999421558,-251.67139215991628,-33.3511885634409,10000,20261020,102465,364,"pointwise percentile, conditional on fitted models"
exploratory_main,0,0.95,CQR_adapted,static_unmatched,CQR with delay-specific training,static_unmatched,28,-126.62564999421558,-287.8991199612556,-26.865305605739596,10000,20261034,102465,364,"pointwise percentile, conditional on fitted models"
exploratory_main,0,0.95,CQR_adapted,static_matched,CQR with delay-specific training,static_matched,7,-126.62564999421558,-247.96108599821326,-39.83349342691329,10000,20261013,102465,364,"pointwise percentile, conditional on fitted models"
exploratory_main,0,0.95,CQR_adapted,static_matched,CQR with delay-specific training,static_matched,14,-126.62564999421558,-251.67139215991628,-33.3511885634409,10000,20261020,102465,364,"pointwise percentile, conditional on fitted models"
exploratory_main,0,0.95,CQR_adapted,static_matched,CQR with delay-specific training,static_matched,28,-126.62564999421558,-287.8991199612556,-26.865305605739596,10000,20261034,102465,364,"pointwise percentile, conditional on fitted models"
exploratory_main,0,0.95,ACI_delayed_projected,static_unmatched,ACI-inspired daily delayed-feedback heuristic (ADH),static_unmatched,7,-75.00247284080793,-208.34282295144612,16.11867213052475,10000,20261013,102465,364,"pointwise percentile, conditional on fitted models"
exploratory_main,0,0.95,ACI_delayed_projected,static_unmatched,ACI-inspired daily delayed-feedback heuristic (ADH),static_unmatched,14,-75.00247284080793,-209.62147733128685,21.6468184001881,10000,20261020,102465,364,"pointwise percentile, conditional on fitted models"
exploratory_main,0,0.95,ACI_delayed_projected,static_unmatched,ACI-inspired daily delayed-feedback heuristic (ADH),static_unmatched,28,-75.00247284080793,-235.26497128139238,20.156468379531162,10000,20261034,102465,364,"pointwise percentile, conditional on fitted models"
exploratory_main,0,0.95,ACI_delayed_projected,static_matched,ACI-inspired daily delayed-feedback heuristic (ADH),static_matched,7,-75.00247284080793,-208.34282295144612,16.11867213052475,10000,20261013,102465,364,"pointwise percentile, conditional on fitted models"
exploratory_main,0,0.95,ACI_delayed_projected,static_matched,ACI-inspired daily delayed-feedback heuristic (ADH),static_matched,14,-75.00247284080793,-209.62147733128685,21.6468184001881,10000,20261020,102465,364,"pointwise percentile, conditional on fitted models"
exploratory_main,0,0.95,ACI_delayed_projected,static_matched,ACI-inspired daily delayed-feedback heuristic (ADH),static_matched,28,-75.00247284080793,-235.26497128139238,20.156468379531162,10000,20261034,102465,364,"pointwise percentile, conditional on fitted models"
exploratory_main,6,0.9,CQR_adapted,rolling_valid,CQR with delay-specific training,Rolling valid,7,-77.00049371871953,-122.23967374178726,-38.116384126837296,10000,20261013,102465,364,"pointwise percentile, conditional on fitted models"
exploratory_main,6,0.9,CQR_adapted,rolling_valid,CQR with delay-specific training,Rolling valid,14,-77.00049371871953,-122.80791972209701,-36.76947068665971,10000,20261020,102465,364,"pointwise percentile, conditional on fitted models"
exploratory_main,6,0.9,CQR_adapted,rolling_valid,CQR with delay-specific training,Rolling valid,28,-77.00049371871953,-128.54390341921282,-32.146977755364546,10000,20261034,102465,364,"pointwise percentile, conditional on fitted models"
exploratory_main,6,0.9,ACI_delayed_projected,rolling_valid,ACI-inspired daily delayed-feedback heuristic (ADH),Rolling valid,7,-12.0102215151125,-31.699148529831472,2.518466461198202,10000,20261013,102465,364,"pointwise percentile, conditional on fitted models"
exploratory_main,6,0.9,ACI_delayed_projected,rolling_valid,ACI-inspired daily delayed-feedback heuristic (ADH),Rolling valid,14,-12.0102215151125,-30.26400302105073,1.989891255279231,10000,20261020,102465,364,"pointwise percentile, conditional on fitted models"
exploratory_main,6,0.9,ACI_delayed_projected,rolling_valid,ACI-inspired daily delayed-feedback heuristic (ADH),Rolling valid,28,-12.0102215151125,-32.89342669824395,2.4511939393242397,10000,20261034,102465,364,"pointwise percentile, conditional on fitted models"
exploratory_main,6,0.9,CQR_adapted,ACI_delayed_projected,CQR with delay-specific training,ACI-inspired daily delayed-feedback heuristic (ADH),7,-64.99027220360702,-109.0014464455837,-24.47485880349763,10000,20261013,102465,364,"pointwise percentile, conditional on fitted models"
exploratory_main,6,0.9,CQR_adapted,ACI_delayed_projected,CQR with delay-specific training,ACI-inspired daily delayed-feedback heuristic (ADH),14,-64.99027220360702,-109.43763836907992,-24.256819718357292,10000,20261020,102465,364,"pointwise percentile, conditional on fitted models"
exploratory_main,6,0.9,CQR_adapted,ACI_delayed_projected,CQR with delay-specific training,ACI-inspired daily delayed-feedback heuristic (ADH),28,-64.99027220360702,-111.71444156489727,-26.648854414621027,10000,20261034,102465,364,"pointwise percentile, conditional on fitted models"
exploratory_main,6,0.9,CQR_adapted,quantile_raw,CQR with delay-specific training,quantile_raw,7,-1.140346162735826,-2.166466497297948,-0.1695080744421458,10000,20261013,102465,364,"pointwise percentile, conditional on fitted models"
exploratory_main,6,0.9,CQR_adapted,quantile_raw,CQR with delay-specific training,quantile_raw,14,-1.140346162735826,-2.271104245542823,-0.09678413737714023,10000,20261020,102465,364,"pointwise percentile, conditional on fitted models"
exploratory_main,6,0.9,CQR_adapted,quantile_raw,CQR with delay-specific training,quantile_raw,28,-1.140346162735826,-2.338127398733278,0.0013231570119580935,10000,20261034,102465,364,"pointwise percentile, conditional on fitted models"
exploratory_main,6,0.9,CQR_adapted,static_unmatched,CQR with delay-specific training,static_unmatched,7,-117.04001458663451,-198.43147178619304,-53.16417503274905,10000,20261013,102465,364,"pointwise percentile, conditional on fitted models"
exploratory_main,6,0.9,CQR_adapted,static_unmatched,CQR with delay-specific training,static_unmatched,14,-117.04001458663451,-203.38954248243857,-49.04837753608257,10000,20261020,102465,364,"pointwise percentile, conditional on fitted models"
exploratory_main,6,0.9,CQR_adapted,static_unmatched,CQR with delay-specific training,static_unmatched,28,-117.04001458663451,-228.1152520696897,-37.54269898620902,10000,20261034,102465,364,"pointwise percentile, conditional on fitted models"
exploratory_main,6,0.9,CQR_adapted,static_matched,CQR with delay-specific training,static_matched,7,-114.83345525447,-195.0983135559766,-52.18002171547437,10000,20261013,102465,364,"pointwise percentile, conditional on fitted models"
exploratory_main,6,0.9,CQR_adapted,static_matched,CQR with delay-specific training,static_matched,14,-114.83345525447,-199.65472190813435,-48.144391734289535,10000,20261020,102465,364,"pointwise percentile, conditional on fitted models"
exploratory_main,6,0.9,CQR_adapted,static_matched,CQR with delay-specific training,static_matched,28,-114.83345525447,-223.8328380738553,-36.76057473096827,10000,20261034,102465,364,"pointwise percentile, conditional on fitted models"
exploratory_main,6,0.9,ACI_delayed_projected,static_unmatched,ACI-inspired daily delayed-feedback heuristic (ADH),static_unmatched,7,-52.0497423830275,-139.12247483158956,9.538088425432447,10000,20261013,102465,364,"pointwise percentile, conditional on fitted models"
exploratory_main,6,0.9,ACI_delayed_projected,static_unmatched,ACI-inspired daily delayed-feedback heuristic (ADH),static_unmatched,14,-52.0497423830275,-140.77978701365637,12.494889194698713,10000,20261020,102465,364,"pointwise percentile, conditional on fitted models"
exploratory_main,6,0.9,ACI_delayed_projected,static_unmatched,ACI-inspired daily delayed-feedback heuristic (ADH),static_unmatched,28,-52.0497423830275,-157.3049284359734,11.704727374630847,10000,20261034,102465,364,"pointwise percentile, conditional on fitted models"
exploratory_main,6,0.9,ACI_delayed_projected,static_matched,ACI-inspired daily delayed-feedback heuristic (ADH),static_matched,7,-49.84318305086297,-135.41327929289534,11.046074263970757,10000,20261013,102465,364,"pointwise percentile, conditional on fitted models"
exploratory_main,6,0.9,ACI_delayed_projected,static_matched,ACI-inspired daily delayed-feedback heuristic (ADH),static_matched,14,-49.84318305086297,-137.67250511873368,13.801610933931052,10000,20261020,102465,364,"pointwise percentile, conditional on fitted models"
exploratory_main,6,0.9,ACI_delayed_projected,static_matched,ACI-inspired daily delayed-feedback heuristic (ADH),static_matched,28,-49.84318305086297,-153.2154105184077,12.89129587967436,10000,20261034,102465,364,"pointwise percentile, conditional on fitted models"
exploratory_main,6,0.95,CQR_adapted,rolling_valid,CQR with delay-specific training,Rolling valid,7,-87.3168332897659,-165.08322050306586,-20.555506888704947,10000,20261013,102465,364,"pointwise percentile, conditional on fitted models"
exploratory_main,6,0.95,CQR_adapted,rolling_valid,CQR with delay-specific training,Rolling valid,14,-87.3168332897659,-163.7905632805343,-21.5130358827886,10000,20261020,102465,364,"pointwise percentile, conditional on fitted models"
exploratory_main,6,0.95,CQR_adapted,rolling_valid,CQR with delay-specific training,Rolling valid,28,-87.3168332897659,-162.67440923054045,-23.76893167673357,10000,20261034,102465,364,"pointwise percentile, conditional on fitted models"
exploratory_main,6,0.95,ACI_delayed_projected,rolling_valid,ACI-inspired daily delayed-feedback heuristic (ADH),Rolling valid,7,-18.39195570482793,-46.47757576836671,3.8536667561969047,10000,20261013,102465,364,"pointwise percentile, conditional on fitted models"
exploratory_main,6,0.95,ACI_delayed_projected,rolling_valid,ACI-inspired daily delayed-feedback heuristic (ADH),Rolling valid,14,-18.39195570482793,-44.253989641613984,3.191229765398669,10000,20261020,102465,364,"pointwise percentile, conditional on fitted models"
exploratory_main,6,0.95,ACI_delayed_projected,rolling_valid,ACI-inspired daily delayed-feedback heuristic (ADH),Rolling valid,28,-18.39195570482793,-49.27249428219633,4.922039696476115,10000,20261034,102465,364,"pointwise percentile, conditional on fitted models"
exploratory_main,6,0.95,CQR_adapted,ACI_delayed_projected,CQR with delay-specific training,ACI-inspired daily delayed-feedback heuristic (ADH),7,-68.92487758493797,-140.42351167475877,-1.8007119635128868,10000,20261013,102465,364,"pointwise percentile, conditional on fitted models"
exploratory_main,6,0.95,CQR_adapted,ACI_delayed_projected,CQR with delay-specific training,ACI-inspired daily delayed-feedback heuristic (ADH),14,-68.92487758493797,-139.2736088772892,-5.629976040547465,10000,20261020,102465,364,"pointwise percentile, conditional on fitted models"
exploratory_main,6,0.95,CQR_adapted,ACI_delayed_projected,CQR with delay-specific training,ACI-inspired daily delayed-feedback heuristic (ADH),28,-68.92487758493797,-136.00208043817204,-17.20872803459213,10000,20261034,102465,364,"pointwise percentile, conditional on fitted models"
exploratory_main,6,0.95,CQR_adapted,quantile_raw,CQR with delay-specific training,quantile_raw,7,-0.8202851071666833,-1.5376165830404613,-0.17761386710944027,10000,20261013,102465,364,"pointwise percentile, conditional on fitted models"
exploratory_main,6,0.95,CQR_adapted,quantile_raw,CQR with delay-specific training,quantile_raw,14,-0.8202851071666833,-1.605884364979395,-0.12157146195543023,10000,20261020,102465,364,"pointwise percentile, conditional on fitted models"
exploratory_main,6,0.95,CQR_adapted,quantile_raw,CQR with delay-specific training,quantile_raw,28,-0.8202851071666833,-1.7044937591700213,-0.04937362663873959,10000,20261034,102465,364,"pointwise percentile, conditional on fitted models"
exploratory_main,6,0.95,CQR_adapted,static_unmatched,CQR with delay-specific training,static_unmatched,7,-151.18554196545236,-278.7436842631466,-55.87923306784595,10000,20261013,102465,364,"pointwise percentile, conditional on fitted models"
exploratory_main,6,0.95,CQR_adapted,static_unmatched,CQR with delay-specific training,static_unmatched,14,-151.18554196545236,-281.96182068678615,-50.27804874417901,10000,20261020,102465,364,"pointwise percentile, conditional on fitted models"
exploratory_main,6,0.95,CQR_adapted,static_unmatched,CQR with delay-specific training,static_unmatched,28,-151.18554196545236,-319.4847076199763,-36.82828605060561,10000,20261034,102465,364,"pointwise percentile, conditional on fitted models"
exploratory_main,6,0.95,CQR_adapted,static_matched,CQR with delay-specific training,static_matched,7,-136.6001403725969,-250.63484310912287,-51.27610597216321,10000,20261013,102465,364,"pointwise percentile, conditional on fitted models"
exploratory_main,6,0.95,CQR_adapted,static_matched,CQR with delay-specific training,static_matched,14,-136.6001403725969,-254.0508429462724,-45.880295324256814,10000,20261020,102465,364,"pointwise percentile, conditional on fitted models"
exploratory_main,6,0.95,CQR_adapted,static_matched,CQR with delay-specific training,static_matched,28,-136.6001403725969,-287.01963657957384,-36.007845517921965,10000,20261034,102465,364,"pointwise percentile, conditional on fitted models"
exploratory_main,6,0.95,ACI_delayed_projected,static_unmatched,ACI-inspired daily delayed-feedback heuristic (ADH),static_unmatched,7,-82.26066438051437,-225.9711380672327,18.69094658393718,10000,20261013,102465,364,"pointwise percentile, conditional on fitted models"
exploratory_main,6,0.95,ACI_delayed_projected,static_unmatched,ACI-inspired daily delayed-feedback heuristic (ADH),static_unmatched,14,-82.26066438051437,-227.80954029079345,26.00916275147812,10000,20261020,102465,364,"pointwise percentile, conditional on fitted models"
exploratory_main,6,0.95,ACI_delayed_projected,static_unmatched,ACI-inspired daily delayed-feedback heuristic (ADH),static_unmatched,28,-82.26066438051437,-256.4834971918251,22.635757649547692,10000,20261034,102465,364,"pointwise percentile, conditional on fitted models"
exploratory_main,6,0.95,ACI_delayed_projected,static_matched,ACI-inspired daily delayed-feedback heuristic (ADH),static_matched,7,-67.67526278765894,-200.2621908138704,25.660686013526,10000,20261013,102465,364,"pointwise percentile, conditional on fitted models"
exploratory_main,6,0.95,ACI_delayed_projected,static_matched,ACI-inspired daily delayed-feedback heuristic (ADH),static_matched,14,-67.67526278765894,-200.82330104701757,33.783613740194255,10000,20261020,102465,364,"pointwise percentile, conditional on fitted models"
exploratory_main,6,0.95,ACI_delayed_projected,static_matched,ACI-inspired daily delayed-feedback heuristic (ADH),static_matched,28,-67.67526278765894,-226.2075056076761,29.671721766042904,10000,20261034,102465,364,"pointwise percentile, conditional on fitted models"
exploratory_main,24,0.9,CQR_adapted,rolling_valid,CQR with delay-specific training,Rolling valid,7,-75.29574305050544,-118.75613344253459,-37.38335051694213,10000,20261013,102465,364,"pointwise percentile, conditional on fitted models"
exploratory_main,24,0.9,CQR_adapted,rolling_valid,CQR with delay-specific training,Rolling valid,14,-75.29574305050544,-119.77953702153545,-35.86807592448974,10000,20261020,102465,364,"pointwise percentile, conditional on fitted models"
exploratory_main,24,0.9,CQR_adapted,rolling_valid,CQR with delay-specific training,Rolling valid,28,-75.29574305050544,-125.72168855059923,-30.333699688862282,10000,20261034,102465,364,"pointwise percentile, conditional on fitted models"
exploratory_main,24,0.9,ACI_delayed_projected,rolling_valid,ACI-inspired daily delayed-feedback heuristic (ADH),Rolling valid,7,-11.15440083701505,-31.351429064972073,3.75970660472793,10000,20261013,102465,364,"pointwise percentile, conditional on fitted models"
exploratory_main,24,0.9,ACI_delayed_projected,rolling_valid,ACI-inspired daily delayed-feedback heuristic (ADH),Rolling valid,14,-11.15440083701505,-30.337185457014662,3.763148921136078,10000,20261020,102465,364,"pointwise percentile, conditional on fitted models"
exploratory_main,24,0.9,ACI_delayed_projected,rolling_valid,ACI-inspired daily delayed-feedback heuristic (ADH),Rolling valid,28,-11.15440083701505,-33.39616555311518,4.798336643186103,10000,20261034,102465,364,"pointwise percentile, conditional on fitted models"
exploratory_main,24,0.9,CQR_adapted,ACI_delayed_projected,CQR with delay-specific training,ACI-inspired daily delayed-feedback heuristic (ADH),7,-64.14134221349038,-106.81782550078847,-25.058240917211197,10000,20261013,102465,364,"pointwise percentile, conditional on fitted models"
exploratory_main,24,0.9,CQR_adapted,ACI_delayed_projected,CQR with delay-specific training,ACI-inspired daily delayed-feedback heuristic (ADH),14,-64.14134221349038,-107.83778585756659,-24.272922273384246,10000,20261020,102465,364,"pointwise percentile, conditional on fitted models"
exploratory_main,24,0.9,CQR_adapted,ACI_delayed_projected,CQR with delay-specific training,ACI-inspired daily delayed-feedback heuristic (ADH),28,-64.14134221349038,-111.29027351557377,-24.847579824141846,10000,20261034,102465,364,"pointwise percentile, conditional on fitted models"
exploratory_main,24,0.9,CQR_adapted,quantile_raw,CQR with delay-specific training,quantile_raw,7,-1.0579872559599817,-1.9884130300319174,-0.1827025441464979,10000,20261013,102465,364,"pointwise percentile, conditional on fitted models"
exploratory_main,24,0.9,CQR_adapted,quantile_raw,CQR with delay-specific training,quantile_raw,14,-1.0579872559599817,-2.0937959392188588,-0.10386157221404148,10000,20261020,102465,364,"pointwise percentile, conditional on fitted models"
exploratory_main,24,0.9,CQR_adapted,quantile_raw,CQR with delay-specific training,quantile_raw,28,-1.0579872559599817,-2.156573172757331,0.005575537726121199,10000,20261034,102465,364,"pointwise percentile, conditional on fitted models"
exploratory_main,24,0.9,CQR_adapted,static_unmatched,CQR with delay-specific training,static_unmatched,7,-125.98454663741038,-209.49356540887936,-59.65821877745043,10000,20261013,102465,364,"pointwise percentile, conditional on fitted models"
exploratory_main,24,0.9,CQR_adapted,static_unmatched,CQR with delay-specific training,static_unmatched,14,-125.98454663741038,-217.434000671921,-53.74582435005516,10000,20261020,102465,364,"pointwise percentile, conditional on fitted models"
exploratory_main,24,0.9,CQR_adapted,static_unmatched,CQR with delay-specific training,static_unmatched,28,-125.98454663741038,-242.82131242347234,-40.82884473455166,10000,20261034,102465,364,"pointwise percentile, conditional on fitted models"
exploratory_main,24,0.9,CQR_adapted,static_matched,CQR with delay-specific training,static_matched,7,-120.9319178097331,-200.9613653090377,-57.03194650591291,10000,20261013,102465,364,"pointwise percentile, conditional on fitted models"
exploratory_main,24,0.9,CQR_adapted,static_matched,CQR with delay-specific training,static_matched,14,-120.9319178097331,-209.14726678941673,-51.683381191125555,10000,20261020,102465,364,"pointwise percentile, conditional on fitted models"
exploratory_main,24,0.9,CQR_adapted,static_matched,CQR with delay-specific training,static_matched,28,-120.9319178097331,-233.53782108117585,-39.07049317413004,10000,20261034,102465,364,"pointwise percentile, conditional on fitted models"
exploratory_main,24,0.9,ACI_delayed_projected,static_unmatched,ACI-inspired daily delayed-feedback heuristic (ADH),static_unmatched,7,-61.843204423919985,-153.35837684646853,4.194456809477281,10000,20261013,102465,364,"pointwise percentile, conditional on fitted models"
exploratory_main,24,0.9,ACI_delayed_projected,static_unmatched,ACI-inspired daily delayed-feedback heuristic (ADH),static_unmatched,14,-61.843204423919985,-156.43220231378862,9.006830277554878,10000,20261020,102465,364,"pointwise percentile, conditional on fitted models"
exploratory_main,24,0.9,ACI_delayed_projected,static_unmatched,ACI-inspired daily delayed-feedback heuristic (ADH),static_unmatched,28,-61.843204423919985,-176.72306335960408,9.84178054900944,10000,20261034,102465,364,"pointwise percentile, conditional on fitted models"
exploratory_main,24,0.9,ACI_delayed_projected,static_matched,ACI-inspired daily delayed-feedback heuristic (ADH),static_matched,7,-56.790575596242746,-145.63660374577498,7.272916185902783,10000,20261013,102465,364,"pointwise percentile, conditional on fitted models"
exploratory_main,24,0.9,ACI_delayed_projected,static_matched,ACI-inspired daily delayed-feedback heuristic (ADH),static_matched,14,-56.790575596242746,-148.67200779526183,11.781903439998757,10000,20261020,102465,364,"pointwise percentile, conditional on fitted models"
exploratory_main,24,0.9,ACI_delayed_projected,static_matched,ACI-inspired daily delayed-feedback heuristic (ADH),static_matched,28,-56.790575596242746,-167.87246943560837,12.552922935571985,10000,20261034,102465,364,"pointwise percentile, conditional on fitted models"
exploratory_main,24,0.95,CQR_adapted,rolling_valid,CQR with delay-specific training,Rolling valid,7,-87.84995997619468,-160.7634133232524,-24.503615904869434,10000,20261013,102465,364,"pointwise percentile, conditional on fitted models"
exploratory_main,24,0.95,CQR_adapted,rolling_valid,CQR with delay-specific training,Rolling valid,14,-87.84995997619468,-160.48255092091594,-24.724751715768914,10000,20261020,102465,364,"pointwise percentile, conditional on fitted models"
exploratory_main,24,0.95,CQR_adapted,rolling_valid,CQR with delay-specific training,Rolling valid,28,-87.84995997619468,-160.89581025638893,-25.290706526589624,10000,20261034,102465,364,"pointwise percentile, conditional on fitted models"
exploratory_main,24,0.95,ACI_delayed_projected,rolling_valid,ACI-inspired daily delayed-feedback heuristic (ADH),Rolling valid,7,-24.224588706202297,-60.93088380609779,4.008576659540405,10000,20261013,102465,364,"pointwise percentile, conditional on fitted models"
exploratory_main,24,0.95,ACI_delayed_projected,rolling_valid,ACI-inspired daily delayed-feedback heuristic (ADH),Rolling valid,14,-24.224588706202297,-57.84515629390908,2.9631086610705855,10000,20261020,102465,364,"pointwise percentile, conditional on fitted models"
exploratory_main,24,0.95,ACI_delayed_projected,rolling_valid,ACI-inspired daily delayed-feedback heuristic (ADH),Rolling valid,28,-24.224588706202297,-64.03205544904966,5.2248973679509145,10000,20261034,102465,364,"pointwise percentile, conditional on fitted models"
exploratory_main,24,0.95,CQR_adapted,ACI_delayed_projected,CQR with delay-specific training,ACI-inspired daily delayed-feedback heuristic (ADH),7,-63.62537126999238,-129.62853163607085,0.03461425915502121,10000,20261013,102465,364,"pointwise percentile, conditional on fitted models"
exploratory_main,24,0.95,CQR_adapted,ACI_delayed_projected,CQR with delay-specific training,ACI-inspired daily delayed-feedback heuristic (ADH),14,-63.62537126999238,-130.41243930597182,-2.895496584379478,10000,20261020,102465,364,"pointwise percentile, conditional on fitted models"
exploratory_main,24,0.95,CQR_adapted,ACI_delayed_projected,CQR with delay-specific training,ACI-inspired daily delayed-feedback heuristic (ADH),28,-63.62537126999238,-127.95576387953905,-13.112003128764627,10000,20261034,102465,364,"pointwise percentile, conditional on fitted models"
exploratory_main,24,0.95,CQR_adapted,quantile_raw,CQR with delay-specific training,quantile_raw,7,-0.85361339345511,-1.539196436765123,-0.22924266423672102,10000,20261013,102465,364,"pointwise percentile, conditional on fitted models"
exploratory_main,24,0.95,CQR_adapted,quantile_raw,CQR with delay-specific training,quantile_raw,14,-0.85361339345511,-1.5945645361841667,-0.18526291630218095,10000,20261020,102465,364,"pointwise percentile, conditional on fitted models"
exploratory_main,24,0.95,CQR_adapted,quantile_raw,CQR with delay-specific training,quantile_raw,28,-0.85361339345511,-1.66416267461554,-0.126099273459804,10000,20261034,102465,364,"pointwise percentile, conditional on fitted models"
exploratory_main,24,0.95,CQR_adapted,static_unmatched,CQR with delay-specific training,static_unmatched,7,-165.03643491843874,-299.7769593504213,-64.09622582133524,10000,20261013,102465,364,"pointwise percentile, conditional on fitted models"
exploratory_main,24,0.95,CQR_adapted,static_unmatched,CQR with delay-specific training,static_unmatched,14,-165.03643491843874,-307.121313794131,-55.82012224641606,10000,20261020,102465,364,"pointwise percentile, conditional on fitted models"
exploratory_main,24,0.95,CQR_adapted,static_unmatched,CQR with delay-specific training,static_unmatched,28,-165.03643491843874,-347.91208379932954,-39.95750811479722,10000,20261034,102465,364,"pointwise percentile, conditional on fitted models"
exploratory_main,24,0.95,CQR_adapted,static_matched,CQR with delay-specific training,static_matched,7,-138.46410569472167,-250.42670163548675,-54.638177167343166,10000,20261013,102465,364,"pointwise percentile, conditional on fitted models"
exploratory_main,24,0.95,CQR_adapted,static_matched,CQR with delay-specific training,static_matched,14,-138.46410569472167,-255.33129895509342,-48.63428252309356,10000,20261020,102465,364,"pointwise percentile, conditional on fitted models"
exploratory_main,24,0.95,CQR_adapted,static_matched,CQR with delay-specific training,static_matched,28,-138.46410569472167,-289.33877778671115,-37.86171572675205,10000,20261034,102465,364,"pointwise percentile, conditional on fitted models"
exploratory_main,24,0.95,ACI_delayed_projected,static_unmatched,ACI-inspired daily delayed-feedback heuristic (ADH),static_unmatched,7,-101.41106364844636,-259.21095182311825,11.665294612509756,10000,20261013,102465,364,"pointwise percentile, conditional on fitted models"
exploratory_main,24,0.95,ACI_delayed_projected,static_unmatched,ACI-inspired daily delayed-feedback heuristic (ADH),static_unmatched,14,-101.41106364844636,-262.4190194747821,20.11311474663498,10000,20261020,102465,364,"pointwise percentile, conditional on fitted models"
exploratory_main,24,0.95,ACI_delayed_projected,static_unmatched,ACI-inspired daily delayed-feedback heuristic (ADH),static_unmatched,28,-101.41106364844636,-300.1386983419954,19.004531288654047,10000,20261034,102465,364,"pointwise percentile, conditional on fitted models"
exploratory_main,24,0.95,ACI_delayed_projected,static_matched,ACI-inspired daily delayed-feedback heuristic (ADH),static_matched,7,-74.83873442472932,-211.53292110610647,23.880674602318294,10000,20261013,102465,364,"pointwise percentile, conditional on fitted models"
exploratory_main,24,0.95,ACI_delayed_projected,static_matched,ACI-inspired daily delayed-feedback heuristic (ADH),static_matched,14,-74.83873442472932,-213.1009326802115,31.679399684751285,10000,20261020,102465,364,"pointwise percentile, conditional on fitted models"
exploratory_main,24,0.95,ACI_delayed_projected,static_matched,ACI-inspired daily delayed-feedback heuristic (ADH),static_matched,28,-74.83873442472932,-244.2286703268096,30.280345879723544,10000,20261034,102465,364,"pointwise percentile, conditional on fitted models"
exploratory_main,72,0.9,CQR_adapted,rolling_valid,CQR with delay-specific training,Rolling valid,7,-69.60692620944884,-112.2705255991394,-32.37596786585615,10000,20261013,102465,364,"pointwise percentile, conditional on fitted models"
exploratory_main,72,0.9,CQR_adapted,rolling_valid,CQR with delay-specific training,Rolling valid,14,-69.60692620944884,-113.16170169630387,-30.661557219355558,10000,20261020,102465,364,"pointwise percentile, conditional on fitted models"
exploratory_main,72,0.9,CQR_adapted,rolling_valid,CQR with delay-specific training,Rolling valid,28,-69.60692620944884,-119.35713281211311,-24.9106503438677,10000,20261034,102465,364,"pointwise percentile, conditional on fitted models"
exploratory_main,72,0.9,ACI_delayed_projected,rolling_valid,ACI-inspired daily delayed-feedback heuristic (ADH),Rolling valid,7,-10.533334802213053,-31.74121479166119,4.702286810888315,10000,20261013,102465,364,"pointwise percentile, conditional on fitted models"
exploratory_main,72,0.9,ACI_delayed_projected,rolling_valid,ACI-inspired daily delayed-feedback heuristic (ADH),Rolling valid,14,-10.533334802213053,-30.9800164317213,5.2410675441191215,10000,20261020,102465,364,"pointwise percentile, conditional on fitted models"
exploratory_main,72,0.9,ACI_delayed_projected,rolling_valid,ACI-inspired daily delayed-feedback heuristic (ADH),Rolling valid,28,-10.533334802213053,-33.94289951802168,6.706062886753296,10000,20261034,102465,364,"pointwise percentile, conditional on fitted models"
exploratory_main,72,0.9,CQR_adapted,ACI_delayed_projected,CQR with delay-specific training,ACI-inspired daily delayed-feedback heuristic (ADH),7,-59.0735914072358,-99.95567048314999,-21.596645760629382,10000,20261013,102465,364,"pointwise percentile, conditional on fitted models"
exploratory_main,72,0.9,CQR_adapted,ACI_delayed_projected,CQR with delay-specific training,ACI-inspired daily delayed-feedback heuristic (ADH),14,-59.0735914072358,-99.83633587666927,-21.360586682193777,10000,20261020,102465,364,"pointwise percentile, conditional on fitted models"
exploratory_main,72,0.9,CQR_adapted,ACI_delayed_projected,CQR with delay-specific training,ACI-inspired daily delayed-feedback heuristic (ADH),28,-59.0735914072358,-101.59285151878748,-22.69134832763752,10000,20261034,102465,364,"pointwise percentile, conditional on fitted models"
exploratory_main,72,0.9,CQR_adapted,quantile_raw,CQR with delay-specific training,quantile_raw,7,-1.0165052777321353,-1.9415066342567933,-0.1404887076346287,10000,20261013,102465,364,"pointwise percentile, conditional on fitted models"
exploratory_main,72,0.9,CQR_adapted,quantile_raw,CQR with delay-specific training,quantile_raw,14,-1.0165052777321353,-2.039866177978217,-0.07928388281222683,10000,20261020,102465,364,"pointwise percentile, conditional on fitted models"
exploratory_main,72,0.9,CQR_adapted,quantile_raw,CQR with delay-specific training,quantile_raw,28,-1.0165052777321353,-2.1109063285918483,0.03475776297414342,10000,20261034,102465,364,"pointwise percentile, conditional on fitted models"
exploratory_main,72,0.9,CQR_adapted,static_unmatched,CQR with delay-specific training,static_unmatched,7,-118.7379309096204,-198.38611684756614,-55.68584331721958,10000,20261013,102465,364,"pointwise percentile, conditional on fitted models"
exploratory_main,72,0.9,CQR_adapted,static_unmatched,CQR with delay-specific training,static_unmatched,14,-118.7379309096204,-205.9358383367836,-49.68034852008658,10000,20261020,102465,364,"pointwise percentile, conditional on fitted models"
exploratory_main,72,0.9,CQR_adapted,static_unmatched,CQR with delay-specific training,static_unmatched,28,-118.7379309096204,-231.34398114904906,-37.37997433253808,10000,20261034,102465,364,"pointwise percentile, conditional on fitted models"
exploratory_main,72,0.9,CQR_adapted,static_matched,CQR with delay-specific training,static_matched,7,-116.98991049471307,-195.87880493440494,-54.739412899863204,10000,20261013,102465,364,"pointwise percentile, conditional on fitted models"
exploratory_main,72,0.9,CQR_adapted,static_matched,CQR with delay-specific training,static_matched,14,-116.98991049471307,-203.05391976100358,-48.95263442219149,10000,20261020,102465,364,"pointwise percentile, conditional on fitted models"
exploratory_main,72,0.9,CQR_adapted,static_matched,CQR with delay-specific training,static_matched,28,-116.98991049471307,-228.16705516597784,-36.8867178107247,10000,20261034,102465,364,"pointwise percentile, conditional on fitted models"
exploratory_main,72,0.9,ACI_delayed_projected,static_unmatched,ACI-inspired daily delayed-feedback heuristic (ADH),static_unmatched,7,-59.6643395023846,-144.29217791427865,1.5088140097789675,10000,20261013,102465,364,"pointwise percentile, conditional on fitted models"
exploratory_main,72,0.9,ACI_delayed_projected,static_unmatched,ACI-inspired daily delayed-feedback heuristic (ADH),static_unmatched,14,-59.6643395023846,-146.36764956599077,5.706432177764937,10000,20261020,102465,364,"pointwise percentile, conditional on fitted models"
exploratory_main,72,0.9,ACI_delayed_projected,static_unmatched,ACI-inspired daily delayed-feedback heuristic (ADH),static_unmatched,28,-59.6643395023846,-164.5408562010508,5.090940239592155,10000,20261034,102465,364,"pointwise percentile, conditional on fitted models"
exploratory_main,72,0.9,ACI_delayed_projected,static_matched,ACI-inspired daily delayed-feedback heuristic (ADH),static_matched,7,-57.91631908747728,-141.8037567133295,2.5407893899012626,10000,20261013,102465,364,"pointwise percentile, conditional on fitted models"
exploratory_main,72,0.9,ACI_delayed_projected,static_matched,ACI-inspired daily delayed-feedback heuristic (ADH),static_matched,14,-57.91631908747728,-143.93568320621773,6.760621646107711,10000,20261020,102465,364,"pointwise percentile, conditional on fitted models"
exploratory_main,72,0.9,ACI_delayed_projected,static_matched,ACI-inspired daily delayed-feedback heuristic (ADH),static_matched,28,-57.91631908747728,-161.13115643946276,6.089104489873196,10000,20261034,102465,364,"pointwise percentile, conditional on fitted models"
exploratory_main,72,0.95,CQR_adapted,rolling_valid,CQR with delay-specific training,Rolling valid,7,-84.36205496240746,-157.06090649505506,-21.092386043173402,10000,20261013,102465,364,"pointwise percentile, conditional on fitted models"
exploratory_main,72,0.95,CQR_adapted,rolling_valid,CQR with delay-specific training,Rolling valid,14,-84.36205496240746,-156.0635929395608,-21.72183727509242,10000,20261020,102465,364,"pointwise percentile, conditional on fitted models"
exploratory_main,72,0.95,CQR_adapted,rolling_valid,CQR with delay-specific training,Rolling valid,28,-84.36205496240746,-155.8402288421823,-22.913098051978537,10000,20261034,102465,364,"pointwise percentile, conditional on fitted models"
exploratory_main,72,0.95,ACI_delayed_projected,rolling_valid,ACI-inspired daily delayed-feedback heuristic (ADH),Rolling valid,7,-24.416356910647888,-59.109081290756734,3.3620730346924157,10000,20261013,102465,364,"pointwise percentile, conditional on fitted models"
exploratory_main,72,0.95,ACI_delayed_projected,rolling_valid,ACI-inspired daily delayed-feedback heuristic (ADH),Rolling valid,14,-24.416356910647888,-56.747581222366634,2.896242125510231,10000,20261020,102465,364,"pointwise percentile, conditional on fitted models"
exploratory_main,72,0.95,ACI_delayed_projected,rolling_valid,ACI-inspired daily delayed-feedback heuristic (ADH),Rolling valid,28,-24.416356910647888,-63.41787892431507,5.409012756746346,10000,20261034,102465,364,"pointwise percentile, conditional on fitted models"
exploratory_main,72,0.95,CQR_adapted,ACI_delayed_projected,CQR with delay-specific training,ACI-inspired daily delayed-feedback heuristic (ADH),7,-59.945698051759564,-125.99052827977641,6.270472970294674,10000,20261013,102465,364,"pointwise percentile, conditional on fitted models"
exploratory_main,72,0.95,CQR_adapted,ACI_delayed_projected,CQR with delay-specific training,ACI-inspired daily delayed-feedback heuristic (ADH),14,-59.945698051759564,-125.3552569617957,1.8969687039547232,10000,20261020,102465,364,"pointwise percentile, conditional on fitted models"
exploratory_main,72,0.95,CQR_adapted,ACI_delayed_projected,CQR with delay-specific training,ACI-inspired daily delayed-feedback heuristic (ADH),28,-59.945698051759564,-120.84499051601334,-10.60008537465629,10000,20261034,102465,364,"pointwise percentile, conditional on fitted models"
exploratory_main,72,0.95,CQR_adapted,quantile_raw,CQR with delay-specific training,quantile_raw,7,-1.0222391965316129,-1.9130507227015985,-0.2220635516310601,10000,20261013,102465,364,"pointwise percentile, conditional on fitted models"
exploratory_main,72,0.95,CQR_adapted,quantile_raw,CQR with delay-specific training,quantile_raw,14,-1.0222391965316129,-1.9716463136444795,-0.17724342153298808,10000,20261020,102465,364,"pointwise percentile, conditional on fitted models"
exploratory_main,72,0.95,CQR_adapted,quantile_raw,CQR with delay-specific training,quantile_raw,28,-1.0222391965316129,-2.0771767334185895,-0.10312111542880939,10000,20261034,102465,364,"pointwise percentile, conditional on fitted models"
exploratory_main,72,0.95,CQR_adapted,static_unmatched,CQR with delay-specific training,static_unmatched,7,-151.69039246163754,-274.1002699818033,-59.58932519269332,10000,20261013,102465,364,"pointwise percentile, conditional on fitted models"
exploratory_main,72,0.95,CQR_adapted,static_unmatched,CQR with delay-specific training,static_unmatched,14,-151.69039246163754,-280.7576876097169,-52.70075445255706,10000,20261020,102465,364,"pointwise percentile, conditional on fitted models"
exploratory_main,72,0.95,CQR_adapted,static_unmatched,CQR with delay-specific training,static_unmatched,28,-151.69039246163754,-317.7344192917292,-37.5709022779813,10000,20261034,102465,364,"pointwise percentile, conditional on fitted models"
exploratory_main,72,0.95,CQR_adapted,static_matched,CQR with delay-specific training,static_matched,7,-131.2413621915807,-236.2400527852854,-52.809800627098255,10000,20261013,102465,364,"pointwise percentile, conditional on fitted models"
exploratory_main,72,0.95,CQR_adapted,static_matched,CQR with delay-specific training,static_matched,14,-131.2413621915807,-240.65482687858432,-46.84800698680575,10000,20261020,102465,364,"pointwise percentile, conditional on fitted models"
exploratory_main,72,0.95,CQR_adapted,static_matched,CQR with delay-specific training,static_matched,28,-131.2413621915807,-271.6106820365266,-36.5366328903427,10000,20261034,102465,364,"pointwise percentile, conditional on fitted models"
exploratory_main,72,0.95,ACI_delayed_projected,static_unmatched,ACI-inspired daily delayed-feedback heuristic (ADH),static_unmatched,7,-91.74469440987798,-237.3383205054639,11.501019491885305,10000,20261013,102465,364,"pointwise percentile, conditional on fitted models"
exploratory_main,72,0.95,ACI_delayed_projected,static_unmatched,ACI-inspired daily delayed-feedback heuristic (ADH),static_unmatched,14,-91.74469440987798,-241.9170812089481,19.38054841571716,10000,20261020,102465,364,"pointwise percentile, conditional on fitted models"
exploratory_main,72,0.95,ACI_delayed_projected,static_unmatched,ACI-inspired daily delayed-feedback heuristic (ADH),static_unmatched,28,-91.74469440987798,-272.7439921058929,17.79728645504601,10000,20261034,102465,364,"pointwise percentile, conditional on fitted models"
exploratory_main,72,0.95,ACI_delayed_projected,static_matched,ACI-inspired daily delayed-feedback heuristic (ADH),static_matched,7,-71.29566413982113,-200.8801514682032,20.721729572300482,10000,20261013,102465,364,"pointwise percentile, conditional on fitted models"
exploratory_main,72,0.95,ACI_delayed_projected,static_matched,ACI-inspired daily delayed-feedback heuristic (ADH),static_matched,14,-71.29566413982113,-202.64252411322894,28.26849336225611,10000,20261020,102465,364,"pointwise percentile, conditional on fitted models"
exploratory_main,72,0.95,ACI_delayed_projected,static_matched,ACI-inspired daily delayed-feedback heuristic (ADH),static_matched,28,-71.29566413982113,-229.66002484624119,26.67759515890083,10000,20261034,102465,364,"pointwise percentile, conditional on fitted models"
exploratory_main,168,0.9,CQR_adapted,rolling_valid,CQR with delay-specific training,Rolling valid,7,-76.80975853089818,-123.8621822546117,-36.87336557220468,10000,20261013,102465,364,"pointwise percentile, conditional on fitted models"
exploratory_main,168,0.9,CQR_adapted,rolling_valid,CQR with delay-specific training,Rolling valid,14,-76.80975853089818,-123.97094048056134,-35.74007704879731,10000,20261020,102465,364,"pointwise percentile, conditional on fitted models"
exploratory_main,168,0.9,CQR_adapted,rolling_valid,CQR with delay-specific training,Rolling valid,28,-76.80975853089818,-130.39308994012873,-29.716113710141105,10000,20261034,102465,364,"pointwise percentile, conditional on fitted models"
exploratory_main,168,0.9,ACI_delayed_projected,rolling_valid,ACI-inspired daily delayed-feedback heuristic (ADH),Rolling valid,7,-15.466380817971105,-40.81031469772857,3.566378150978919,10000,20261013,102465,364,"pointwise percentile, conditional on fitted models"
exploratory_main,168,0.9,ACI_delayed_projected,rolling_valid,ACI-inspired daily delayed-feedback heuristic (ADH),Rolling valid,14,-15.466380817971105,-40.67719295153875,5.204628952197858,10000,20261020,102465,364,"pointwise percentile, conditional on fitted models"
exploratory_main,168,0.9,ACI_delayed_projected,rolling_valid,ACI-inspired daily delayed-feedback heuristic (ADH),Rolling valid,28,-15.466380817971105,-45.93216270703103,7.349020053243084,10000,20261034,102465,364,"pointwise percentile, conditional on fitted models"
exploratory_main,168,0.9,CQR_adapted,ACI_delayed_projected,CQR with delay-specific training,ACI-inspired daily delayed-feedback heuristic (ADH),7,-61.34337771292708,-103.12314323602773,-22.381090640233975,10000,20261013,102465,364,"pointwise percentile, conditional on fitted models"
exploratory_main,168,0.9,CQR_adapted,ACI_delayed_projected,CQR with delay-specific training,ACI-inspired daily delayed-feedback heuristic (ADH),14,-61.34337771292708,-102.38609381109394,-23.11579415777395,10000,20261020,102465,364,"pointwise percentile, conditional on fitted models"
exploratory_main,168,0.9,CQR_adapted,ACI_delayed_projected,CQR with delay-specific training,ACI-inspired daily delayed-feedback heuristic (ADH),28,-61.34337771292708,-102.70570059124799,-25.849578687336116,10000,20261034,102465,364,"pointwise percentile, conditional on fitted models"
exploratory_main,168,0.9,CQR_adapted,quantile_raw,CQR with delay-specific training,quantile_raw,7,-0.7458408669547409,-1.4683727122659667,-0.054799941045775215,10000,20261013,102465,364,"pointwise percentile, conditional on fitted models"
exploratory_main,168,0.9,CQR_adapted,quantile_raw,CQR with delay-specific training,quantile_raw,14,-0.7458408669547409,-1.5556306223675698,-0.0011339761416224315,10000,20261020,102465,364,"pointwise percentile, conditional on fitted models"
exploratory_main,168,0.9,CQR_adapted,quantile_raw,CQR with delay-specific training,quantile_raw,28,-0.7458408669547409,-1.6234569837910158,0.0978682670442199,10000,20261034,102465,364,"pointwise percentile, conditional on fitted models"
exploratory_main,168,0.9,CQR_adapted,static_unmatched,CQR with delay-specific training,static_unmatched,7,-124.25858373941034,-206.97128362450044,-58.79381707058524,10000,20261013,102465,364,"pointwise percentile, conditional on fitted models"
exploratory_main,168,0.9,CQR_adapted,static_unmatched,CQR with delay-specific training,static_unmatched,14,-124.25858373941034,-214.1962644597391,-53.040461623043065,10000,20261020,102465,364,"pointwise percentile, conditional on fitted models"
exploratory_main,168,0.9,CQR_adapted,static_unmatched,CQR with delay-specific training,static_unmatched,28,-124.25858373941034,-239.90814727518253,-40.51258696185986,10000,20261034,102465,364,"pointwise percentile, conditional on fitted models"
exploratory_main,168,0.9,CQR_adapted,static_matched,CQR with delay-specific training,static_matched,7,-118.39771071397534,-197.80242469310443,-55.61036494026187,10000,20261013,102465,364,"pointwise percentile, conditional on fitted models"
exploratory_main,168,0.9,CQR_adapted,static_matched,CQR with delay-specific training,static_matched,14,-118.39771071397534,-204.6053249466481,-50.523335710862895,10000,20261020,102465,364,"pointwise percentile, conditional on fitted models"
exploratory_main,168,0.9,CQR_adapted,static_matched,CQR with delay-specific training,static_matched,28,-118.39771071397534,-228.87327336570849,-38.65207489892244,10000,20261034,102465,364,"pointwise percentile, conditional on fitted models"
exploratory_main,168,0.9,ACI_delayed_projected,static_unmatched,ACI-inspired daily delayed-feedback heuristic (ADH),static_unmatched,7,-62.91520602648327,-151.84727011089518,1.5043014637020369,10000,20261013,102465,364,"pointwise percentile, conditional on fitted models"
exploratory_main,168,0.9,ACI_delayed_projected,static_unmatched,ACI-inspired daily delayed-feedback heuristic (ADH),static_unmatched,14,-62.91520602648327,-156.3598512780554,6.344969276247615,10000,20261020,102465,364,"pointwise percentile, conditional on fitted models"
exploratory_main,168,0.9,ACI_delayed_projected,static_unmatched,ACI-inspired daily delayed-feedback heuristic (ADH),static_unmatched,28,-62.91520602648327,-174.67888865782717,5.576129329364342,10000,20261034,102465,364,"pointwise percentile, conditional on fitted models"
exploratory_main,168,0.9,ACI_delayed_projected,static_matched,ACI-inspired daily delayed-feedback heuristic (ADH),static_matched,7,-57.05433300104828,-143.1130424136564,4.78939144277661,10000,20261013,102465,364,"pointwise percentile, conditional on fitted models"
exploratory_main,168,0.9,ACI_delayed_projected,static_matched,ACI-inspired daily delayed-feedback heuristic (ADH),static_matched,14,-57.05433300104828,-147.17172357722632,9.29558414033241,10000,20261020,102465,364,"pointwise percentile, conditional on fitted models"
exploratory_main,168,0.9,ACI_delayed_projected,static_matched,ACI-inspired daily delayed-feedback heuristic (ADH),static_matched,28,-57.05433300104828,-164.67701319523258,8.294723941448593,10000,20261034,102465,364,"pointwise percentile, conditional on fitted models"
exploratory_main,168,0.95,CQR_adapted,rolling_valid,CQR with delay-specific training,Rolling valid,7,-93.93313154463674,-172.19873353532185,-26.895850488488737,10000,20261013,102465,364,"pointwise percentile, conditional on fitted models"
exploratory_main,168,0.95,CQR_adapted,rolling_valid,CQR with delay-specific training,Rolling valid,14,-93.93313154463674,-168.51623270036805,-28.715782632432592,10000,20261020,102465,364,"pointwise percentile, conditional on fitted models"
exploratory_main,168,0.95,CQR_adapted,rolling_valid,CQR with delay-specific training,Rolling valid,28,-93.93313154463674,-166.18803149549075,-31.215552526871235,10000,20261034,102465,364,"pointwise percentile, conditional on fitted models"
exploratory_main,168,0.95,ACI_delayed_projected,rolling_valid,ACI-inspired daily delayed-feedback heuristic (ADH),Rolling valid,7,-29.299273283930034,-75.22742523436902,4.9308471094651845,10000,20261013,102465,364,"pointwise percentile, conditional on fitted models"
exploratory_main,168,0.95,ACI_delayed_projected,rolling_valid,ACI-inspired daily delayed-feedback heuristic (ADH),Rolling valid,14,-29.299273283930034,-74.0652243085491,5.421915415914512,10000,20261020,102465,364,"pointwise percentile, conditional on fitted models"
exploratory_main,168,0.95,ACI_delayed_projected,rolling_valid,ACI-inspired daily delayed-feedback heuristic (ADH),Rolling valid,28,-29.299273283930034,-83.98693953855101,9.811932909881271,10000,20261034,102465,364,"pointwise percentile, conditional on fitted models"
exploratory_main,168,0.95,CQR_adapted,ACI_delayed_projected,CQR with delay-specific training,ACI-inspired daily delayed-feedback heuristic (ADH),7,-64.63385826070672,-131.66400544099577,1.7391149891470825,10000,20261013,102465,364,"pointwise percentile, conditional on fitted models"
exploratory_main,168,0.95,CQR_adapted,ACI_delayed_projected,CQR with delay-specific training,ACI-inspired daily delayed-feedback heuristic (ADH),14,-64.63385826070672,-130.60525144711983,0.3330967742203468,10000,20261020,102465,364,"pointwise percentile, conditional on fitted models"
exploratory_main,168,0.95,CQR_adapted,ACI_delayed_projected,CQR with delay-specific training,ACI-inspired daily delayed-feedback heuristic (ADH),28,-64.63385826070672,-127.92705682313878,-11.286260095371173,10000,20261034,102465,364,"pointwise percentile, conditional on fitted models"
exploratory_main,168,0.95,CQR_adapted,quantile_raw,CQR with delay-specific training,quantile_raw,7,-0.6912383022088885,-1.2776196545870204,-0.1535886545693532,10000,20261013,102465,364,"pointwise percentile, conditional on fitted models"
exploratory_main,168,0.95,CQR_adapted,quantile_raw,CQR with delay-specific training,quantile_raw,14,-0.6912383022088885,-1.3389702586868728,-0.11861482682829111,10000,20261020,102465,364,"pointwise percentile, conditional on fitted models"
exploratory_main,168,0.95,CQR_adapted,quantile_raw,CQR with delay-specific training,quantile_raw,28,-0.6912383022088885,-1.4246623584055362,-0.041179553099011106,10000,20261034,102465,364,"pointwise percentile, conditional on fitted models"
exploratory_main,168,0.95,CQR_adapted,static_unmatched,CQR with delay-specific training,static_unmatched,7,-159.09790186163954,-285.8456056817723,-63.26533455474309,10000,20261013,102465,364,"pointwise percentile, conditional on fitted models"
exploratory_main,168,0.95,CQR_adapted,static_unmatched,CQR with delay-specific training,static_unmatched,14,-159.09790186163954,-293.25295233619244,-55.65470221568259,10000,20261020,102465,364,"pointwise percentile, conditional on fitted models"
exploratory_main,168,0.95,CQR_adapted,static_unmatched,CQR with delay-specific training,static_unmatched,28,-159.09790186163954,-330.4970750536416,-40.45326783587996,10000,20261034,102465,364,"pointwise percentile, conditional on fitted models"
exploratory_main,168,0.95,CQR_adapted,static_matched,CQR with delay-specific training,static_matched,7,-133.3069039002743,-237.9615108680099,-54.76861900444898,10000,20261013,102465,364,"pointwise percentile, conditional on fitted models"
exploratory_main,168,0.95,CQR_adapted,static_matched,CQR with delay-specific training,static_matched,14,-133.3069039002743,-242.77013812800067,-49.43117467354346,10000,20261020,102465,364,"pointwise percentile, conditional on fitted models"
exploratory_main,168,0.95,CQR_adapted,static_matched,CQR with delay-specific training,static_matched,28,-133.3069039002743,-273.12215972473945,-39.25816856392699,10000,20261034,102465,364,"pointwise percentile, conditional on fitted models"
exploratory_main,168,0.95,ACI_delayed_projected,static_unmatched,ACI-inspired daily delayed-feedback heuristic (ADH),static_unmatched,7,-94.46404360093281,-248.44574106640235,17.202163593567636,10000,20261013,102465,364,"pointwise percentile, conditional on fitted models"
exploratory_main,168,0.95,ACI_delayed_projected,static_unmatched,ACI-inspired daily delayed-feedback heuristic (ADH),static_unmatched,14,-94.46404360093281,-257.49952677386153,27.206860529888182,10000,20261020,102465,364,"pointwise percentile, conditional on fitted models"
exploratory_main,168,0.95,ACI_delayed_projected,static_unmatched,ACI-inspired daily delayed-feedback heuristic (ADH),static_unmatched,28,-94.46404360093281,-292.68719615097785,27.88103384728887,10000,20261034,102465,364,"pointwise percentile, conditional on fitted models"
exploratory_main,168,0.95,ACI_delayed_projected,static_matched,ACI-inspired daily delayed-feedback heuristic (ADH),static_matched,7,-68.67304563956755,-202.49068361027517,28.08323948802961,10000,20261013,102465,364,"pointwise percentile, conditional on fitted models"
exploratory_main,168,0.95,ACI_delayed_projected,static_matched,ACI-inspired daily delayed-feedback heuristic (ADH),static_matched,14,-68.67304563956755,-208.6023475973823,38.38920485139748,10000,20261020,102465,364,"pointwise percentile, conditional on fitted models"
exploratory_main,168,0.95,ACI_delayed_projected,static_matched,ACI-inspired daily delayed-feedback heuristic (ADH),static_matched,28,-68.67304563956755,-238.7548735958193,38.0216541432654,10000,20261034,102465,364,"pointwise percentile, conditional on fitted models"
sensitivity_earlier_period,72,0.9,CQR_adapted,rolling_global,CQR with delay-specific training,Rolling valid,7,-33.382246926255505,-59.3927621241612,-10.111144264371884,10000,20261013,103000,365,"pointwise percentile, conditional on fitted models"
sensitivity_earlier_period,72,0.9,CQR_adapted,rolling_global,CQR with delay-specific training,Rolling valid,14,-33.382246926255505,-61.67616971648079,-8.128055873961445,10000,20261020,103000,365,"pointwise percentile, conditional on fitted models"
sensitivity_earlier_period,72,0.9,CQR_adapted,rolling_global,CQR with delay-specific training,Rolling valid,28,-33.382246926255505,-64.60592888123604,-5.247456374539371,10000,20261034,103000,365,"pointwise percentile, conditional on fitted models"
sensitivity_earlier_period,72,0.9,ACI_delayed_projected,rolling_global,ACI-inspired daily delayed-feedback heuristic (ADH),Rolling valid,7,-1.5642900490155867,-12.729917506805094,7.607537780029081,10000,20261013,103000,365,"pointwise percentile, conditional on fitted models"
sensitivity_earlier_period,72,0.9,ACI_delayed_projected,rolling_global,ACI-inspired daily delayed-feedback heuristic (ADH),Rolling valid,14,-1.5642900490155867,-12.224840248030938,7.906532839968962,10000,20261020,103000,365,"pointwise percentile, conditional on fitted models"
sensitivity_earlier_period,72,0.9,ACI_delayed_projected,rolling_global,ACI-inspired daily delayed-feedback heuristic (ADH),Rolling valid,28,-1.5642900490155867,-9.912342364181265,7.355937079859343,10000,20261034,103000,365,"pointwise percentile, conditional on fitted models"
sensitivity_earlier_period,72,0.9,CQR_adapted,ACI_delayed_projected,CQR with delay-specific training,ACI-inspired daily delayed-feedback heuristic (ADH),7,-31.817956877239926,-58.29222200273193,-4.950588570147991,10000,20261013,103000,365,"pointwise percentile, conditional on fitted models"
sensitivity_earlier_period,72,0.9,CQR_adapted,ACI_delayed_projected,CQR with delay-specific training,ACI-inspired daily delayed-feedback heuristic (ADH),14,-31.817956877239926,-61.58606718966168,-2.387214200109268,10000,20261020,103000,365,"pointwise percentile, conditional on fitted models"
sensitivity_earlier_period,72,0.9,CQR_adapted,ACI_delayed_projected,CQR with delay-specific training,ACI-inspired daily delayed-feedback heuristic (ADH),28,-31.817956877239926,-63.29079321443016,-1.690556340503103,10000,20261034,103000,365,"pointwise percentile, conditional on fitted models"
sensitivity_heterogeneous,heterogeneous,0.9,ACI_delayed_projected,rolling_global,ACI-inspired daily delayed-feedback heuristic (ADH),Rolling valid,7,-11.39261808851972,-32.40009449458832,4.051480602556616,10000,20261013,102465,364,"pointwise percentile, conditional on fitted models"
sensitivity_heterogeneous,heterogeneous,0.9,ACI_delayed_projected,rolling_global,ACI-inspired daily delayed-feedback heuristic (ADH),Rolling valid,14,-11.39261808851972,-31.285839313152465,4.09975405730592,10000,20261020,102465,364,"pointwise percentile, conditional on fitted models"
sensitivity_heterogeneous,heterogeneous,0.9,ACI_delayed_projected,rolling_global,ACI-inspired daily delayed-feedback heuristic (ADH),Rolling valid,28,-11.39261808851972,-34.533007287461935,5.382449582429953,10000,20261034,102465,364,"pointwise percentile, conditional on fitted models"
sensitivity_heterogeneous,heterogeneous,0.9,rolling_station,rolling_global,rolling_station,Rolling valid,7,-1.5783345638992774,-4.253869967931096,0.7658506190215333,10000,20261013,102465,364,"pointwise percentile, conditional on fitted models"
sensitivity_heterogeneous,heterogeneous,0.9,rolling_station,rolling_global,rolling_station,Rolling valid,14,-1.5783345638992774,-4.259900629757225,0.873061872707406,10000,20261020,102465,364,"pointwise percentile, conditional on fitted models"
sensitivity_heterogeneous,heterogeneous,0.9,rolling_station,rolling_global,rolling_station,Rolling valid,28,-1.5783345638992774,-5.008926273438319,1.3752364926028011,10000,20261034,102465,364,"pointwise percentile, conditional on fitted models"
sensitivity_heterogeneous,heterogeneous,0.9,rolling_equal_station,rolling_global,rolling_equal_station,Rolling valid,7,0.03856821409454131,0.003328353092630169,0.07878510684517766,10000,20261013,102465,364,"pointwise percentile, conditional on fitted models"
sensitivity_heterogeneous,heterogeneous,0.9,rolling_equal_station,rolling_global,rolling_equal_station,Rolling valid,14,0.03856821409454131,0.003744062188865442,0.076869521895314,10000,20261020,102465,364,"pointwise percentile, conditional on fitted models"
sensitivity_heterogeneous,heterogeneous,0.9,rolling_equal_station,rolling_global,rolling_equal_station,Rolling valid,28,0.03856821409454131,0.0068079699389065555,0.0732612934347128,10000,20261034,102465,364,"pointwise percentile, conditional on fitted models"
sensitivity_heterogeneous,heterogeneous,0.95,ACI_delayed_projected,rolling_global,ACI-inspired daily delayed-feedback heuristic (ADH),Rolling valid,7,-20.803871907388068,-56.36841553827254,7.146937465309733,10000,20261013,102465,364,"pointwise percentile, conditional on fitted models"
sensitivity_heterogeneous,heterogeneous,0.95,ACI_delayed_projected,rolling_global,ACI-inspired daily delayed-feedback heuristic (ADH),Rolling valid,14,-20.803871907388068,-53.96667033152905,6.871942751478488,10000,20261020,102465,364,"pointwise percentile, conditional on fitted models"
sensitivity_heterogeneous,heterogeneous,0.95,ACI_delayed_projected,rolling_global,ACI-inspired daily delayed-feedback heuristic (ADH),Rolling valid,28,-20.803871907388068,-60.44812669252253,10.192792131075008,10000,20261034,102465,364,"pointwise percentile, conditional on fitted models"
sensitivity_heterogeneous,heterogeneous,0.95,rolling_station,rolling_global,rolling_station,Rolling valid,7,-1.9763287486560155,-6.334230824821539,2.302483768234912,10000,20261013,102465,364,"pointwise percentile, conditional on fitted models"
sensitivity_heterogeneous,heterogeneous,0.95,rolling_station,rolling_global,rolling_station,Rolling valid,14,-1.9763287486560155,-6.193737303446415,2.338596733661722,10000,20261020,102465,364,"pointwise percentile, conditional on fitted models"
sensitivity_heterogeneous,heterogeneous,0.95,rolling_station,rolling_global,rolling_station,Rolling valid,28,-1.9763287486560155,-6.690970464574051,2.665947506666175,10000,20261034,102465,364,"pointwise percentile, conditional on fitted models"
sensitivity_heterogeneous,heterogeneous,0.95,rolling_equal_station,rolling_global,rolling_equal_station,Rolling valid,7,0.10102627676381222,-0.010647539737286759,0.24598525452530773,10000,20261013,102465,364,"pointwise percentile, conditional on fitted models"
sensitivity_heterogeneous,heterogeneous,0.95,rolling_equal_station,rolling_global,rolling_equal_station,Rolling valid,14,0.10102627676381222,-0.016448435257269817,0.24530512670897117,10000,20261020,102465,364,"pointwise percentile, conditional on fitted models"
sensitivity_heterogeneous,heterogeneous,0.95,rolling_equal_station,rolling_global,rolling_equal_station,Rolling valid,28,0.10102627676381222,-0.01634189657665448,0.24548023401481595,10000,20261034,102465,364,"pointwise percentile, conditional on fitted models"
