delay_h,method,nominal,n,coverage,width,interval_score
0,quantile_raw,0.9,102465,0.8586736934563022,175.25982507956908,251.30864104428608
0,CQR_adapted,0.9,102465,0.8912994681110623,179.1719311026539,250.3390809773695
0,rolling_global,0.9,102465,0.881120382569658,176.6860265775887,309.2695735040056
0,rolling_station,0.9,102465,0.8815400380617772,177.09578530751222,306.7323022816568
0,rolling_equal_station,0.9,102465,0.8811399014297565,176.67649664917053,309.2832169032268
0,ACI_delayed_projected,0.9,102465,0.8957692870736349,193.5180431524589,299.33642978218893
0,quantile_raw,0.95,102465,0.9231640072219782,204.92544347806776,296.7094564594651
0,CQR_adapted,0.95,102465,0.936954081881618,206.8840004700714,295.94207952540035
0,rolling_global,0.95,102465,0.9322500365978628,214.7295577757735,364.6104474931111
0,rolling_station,0.95,102465,0.9330405504318549,215.23379346375737,362.5803822880679
0,rolling_equal_station,0.95,102465,0.9321719611574684,214.66606574901505,364.7517334763968
0,ACI_delayed_projected,0.95,102465,0.9465768799102132,237.1665141135585,347.565256678808
6,quantile_raw,0.9,102465,0.8551310203484117,175.60756591229955,255.32200261782475
6,CQR_adapted,0.9,102465,0.8917386424632802,179.9443687571613,254.18165645508893
6,rolling_global,0.9,102465,0.8792172937100473,182.7425711990242,331.1821501738084
6,rolling_station,0.9,102465,0.8798126189430537,183.29044953014164,327.7944191077329
6,rolling_equal_station,0.9,102465,0.8791880154198994,182.72869013974267,331.2148761735543
6,ACI_delayed_projected,0.9,102465,0.8954374664519592,202.47157202980566,319.17192865869595
6,quantile_raw,0.95,102465,0.9229102620406968,205.7325925949992,300.3739857842796
6,CQR_adapted,0.95,102465,0.9380861757673352,207.83967110693575,299.55370067711294
6,rolling_global,0.95,102465,0.9311277021421949,224.58562798154722,386.87053396687895
6,rolling_station,0.95,102465,0.9323866686185527,225.02196027921448,384.6379161316771
6,rolling_equal_station,0.95,102465,0.931030107841702,224.52635692758082,387.00819964802815
6,ACI_delayed_projected,0.95,102465,0.9459132386668618,250.08356889523185,368.4785782620509
24,quantile_raw,0.9,102465,0.8561947982237837,177.09502501466696,258.7145314643836
24,CQR_adapted,0.9,102465,0.8884204362465232,180.98694822182827,257.65654420842367
24,rolling_global,0.9,102465,0.8797443029327088,183.0813558301769,332.95228725892906
24,rolling_station,0.9,102465,0.8794320011711316,183.9635088193695,329.63096048205745
24,rolling_equal_station,0.9,102465,0.8797735812228565,183.0716830803241,332.9638075124205
24,ACI_delayed_projected,0.9,102465,0.8974381496120627,204.302455153061,321.79788642191403
24,quantile_raw,0.95,102465,0.9216903332845362,207.4228057189681,303.73265003274423
24,CQR_adapted,0.95,102465,0.9357927097057532,209.43197323434845,302.8790366392891
24,rolling_global,0.95,102465,0.9304640608988435,225.66515349467258,390.7289966154838
24,rolling_station,0.95,102465,0.9314107256136241,226.0582187197846,388.41572171637887
24,rolling_equal_station,0.95,102465,0.9302591128678085,225.58650030537953,391.0161463051371
24,ACI_delayed_projected,0.95,102465,0.9464695261796711,254.8668115805791,366.5044079092815
72,quantile_raw,0.9,102465,0.8574440052700922,178.84095047560058,259.42028022754545
72,CQR_adapted,0.9,102465,0.8890547991997267,182.71787240399783,258.40377494981334
72,rolling_global,0.9,102465,0.8831601034499585,184.08635914534318,328.01070115926217
72,rolling_station,0.9,102465,0.8831601034499585,184.93719995013538,324.86230134625504
72,rolling_equal_station,0.9,102465,0.8831601034499585,184.08168240988473,328.0519987768264
72,ACI_delayed_projected,0.9,102465,0.8977504513736397,203.16556422920692,317.47736635704916
72,quantile_raw,0.95,102465,0.9208119845801005,208.49671435099077,308.1996045266758
72,CQR_adapted,0.95,102465,0.9382228077880251,211.01349658292676,307.1773653301442
72,rolling_global,0.95,102465,0.9314204850436735,225.21335654884777,391.53942029255177
72,rolling_station,0.95,102465,0.9327575269604255,225.69303455651036,386.577826922054
72,rolling_equal_station,0.95,102465,0.931303371883082,225.16410918349564,391.6966024077457
72,ACI_delayed_projected,0.95,102465,0.9464109695993754,253.7873564088256,367.1230633819038
168,quantile_raw,0.9,102465,0.8631142341287269,178.8793669045607,257.97976417708844
168,CQR_adapted,0.9,102465,0.8886741814278046,182.0112519319947,257.2339233101337
168,rolling_global,0.9,102465,0.877597228321866,183.59756207809357,334.04368184103186
168,rolling_station,0.9,102465,0.878826916508076,184.56871007935766,330.3469308625495
168,rolling_equal_station,0.9,102465,0.8776167471819646,183.576472894522,334.06099606734256
168,ACI_delayed_projected,0.9,102465,0.8971453667105841,205.5116168537223,318.57730102306084
168,quantile_raw,0.95,102465,0.9236031815741961,209.1564745960282,306.706809763476
168,CQR_adapted,0.95,102465,0.9355682428146196,210.83668542346908,306.0155714612671
168,rolling_global,0.95,102465,0.93023959400771,225.20283968320967,399.94870300590395
168,rolling_station,0.95,102465,0.9305909334894842,225.58652272260304,394.5315797993668
168,rolling_equal_station,0.95,102465,0.9301322402771678,225.14531283367867,399.97800429153875
168,ACI_delayed_projected,0.95,102465,0.9463719318791782,255.65436150367194,370.64942972197383
station_heterogeneous,rolling_global,0.9,102465,0.8818230615332064,183.5795798896313,329.6253660551237
station_heterogeneous,rolling_station,0.9,102465,0.8805152979066022,184.1612168717855,328.0470314912244
station_heterogeneous,rolling_equal_station,0.9,102465,0.8818230615332064,183.57521154884344,329.6639342692182
station_heterogeneous,ACI_delayed_projected,0.9,102465,0.8997804128238911,204.8834213605808,318.23274796660394
station_heterogeneous,rolling_global,0.95,102465,0.9319572536963842,225.3045937137078,390.7507318738608
station_heterogeneous,rolling_station,0.95,102465,0.9319474942663348,225.39318399502048,388.77440312520474
station_heterogeneous,rolling_equal_station,0.95,102465,0.9318791782559899,225.2536631542195,390.8517581506246
station_heterogeneous,ACI_delayed_projected,0.95,102465,0.9482164641584931,257.74754927312114,369.94685996647263
