delay_h,nominal,contrast,block_days,estimate,lower95,upper95,replicates,seed
0,0.9,adapted_minus_fixed_static,7,0.0,0.0,0.0,10000,20261014
0,0.9,adapted_minus_fixed_static,14,0.0,0.0,0.0,10000,20261021
0,0.9,adapted_minus_fixed_static,28,0.0,0.0,0.0,10000,20261035
0,0.9,adapted_minus_fixed_rolling,7,0.0,0.0,0.0,10000,20261014
0,0.9,adapted_minus_fixed_rolling,14,0.0,0.0,0.0,10000,20261021
0,0.9,adapted_minus_fixed_rolling,28,0.0,0.0,0.0,10000,20261035
0,0.9,adapted_minus_fixed_ADH,7,0.0,0.0,0.0,10000,20261014
0,0.9,adapted_minus_fixed_ADH,14,0.0,0.0,0.0,10000,20261021
0,0.9,adapted_minus_fixed_ADH,28,0.0,0.0,0.0,10000,20261035
0,0.9,fixed_rolling_minus_static,7,-41.51105086966719,-106.2024658852021,3.463187604217771,10000,20261014
0,0.9,fixed_rolling_minus_static,14,-41.51105086966719,-108.90882802623297,6.329597026039289,10000,20261021
0,0.9,fixed_rolling_minus_static,28,-41.51105086966719,-117.80326566940128,4.556487848846654,10000,20261035
0,0.9,fixed_ADH_minus_static,7,-51.44419459148379,-132.99058821987924,5.611069138872743,10000,20261014
0,0.9,fixed_ADH_minus_static,14,-51.44419459148379,-134.68409874850303,8.449763011046404,10000,20261021
0,0.9,fixed_ADH_minus_static,28,-51.44419459148379,-146.61018827430098,4.77384205243896,10000,20261035
0,0.9,adapted_rolling_minus_static,7,-41.51105086966719,-106.2024658852021,3.463187604217771,10000,20261014
0,0.9,adapted_rolling_minus_static,14,-41.51105086966719,-108.90882802623297,6.329597026039289,10000,20261021
0,0.9,adapted_rolling_minus_static,28,-41.51105086966719,-117.80326566940128,4.556487848846654,10000,20261035
0,0.9,adapted_ADH_minus_static,7,-51.44419459148379,-132.99058821987924,5.611069138872743,10000,20261014
0,0.9,adapted_ADH_minus_static,14,-51.44419459148379,-134.68409874850303,8.449763011046404,10000,20261021
0,0.9,adapted_ADH_minus_static,28,-51.44419459148379,-146.61018827430098,4.77384205243896,10000,20261035
0,0.9,interaction_rolling_vs_static,7,0.0,0.0,0.0,10000,20261014
0,0.9,interaction_rolling_vs_static,14,0.0,0.0,0.0,10000,20261021
0,0.9,interaction_rolling_vs_static,28,0.0,0.0,0.0,10000,20261035
0,0.9,interaction_ADH_vs_static,7,0.0,0.0,0.0,10000,20261014
0,0.9,interaction_ADH_vs_static,14,0.0,0.0,0.0,10000,20261021
0,0.9,interaction_ADH_vs_static,28,0.0,0.0,0.0,10000,20261035
0,0.95,adapted_minus_fixed_static,7,0.0,0.0,0.0,10000,20261014
0,0.95,adapted_minus_fixed_static,14,0.0,0.0,0.0,10000,20261021
0,0.95,adapted_minus_fixed_static,28,0.0,0.0,0.0,10000,20261035
0,0.95,adapted_minus_fixed_rolling,7,0.0,0.0,0.0,10000,20261014
0,0.95,adapted_minus_fixed_rolling,14,0.0,0.0,0.0,10000,20261021
0,0.95,adapted_minus_fixed_rolling,28,0.0,0.0,0.0,10000,20261035
0,0.95,adapted_minus_fixed_ADH,7,0.0,0.0,0.0,10000,20261014
0,0.95,adapted_minus_fixed_ADH,14,0.0,0.0,0.0,10000,20261021
0,0.95,adapted_minus_fixed_ADH,28,0.0,0.0,0.0,10000,20261035
0,0.95,fixed_rolling_minus_static,7,-57.95728202650496,-175.40956089933294,19.193548348498872,10000,20261014
0,0.95,fixed_rolling_minus_static,14,-57.95728202650496,-179.66056185776978,23.662634751242855,10000,20261021
0,0.95,fixed_rolling_minus_static,28,-57.95728202650496,-192.66043956187954,24.170614464899742,10000,20261035
0,0.95,fixed_ADH_minus_static,7,-75.00247284080801,-210.5813656731872,16.747753401416926,10000,20261014
0,0.95,fixed_ADH_minus_static,14,-75.00247284080801,-213.8579475587406,22.016460443533948,10000,20261021
0,0.95,fixed_ADH_minus_static,28,-75.00247284080801,-232.37696614357137,17.892414577567774,10000,20261035
0,0.95,adapted_rolling_minus_static,7,-57.95728202650496,-175.40956089933294,19.193548348498872,10000,20261014
0,0.95,adapted_rolling_minus_static,14,-57.95728202650496,-179.66056185776978,23.662634751242855,10000,20261021
0,0.95,adapted_rolling_minus_static,28,-57.95728202650496,-192.66043956187954,24.170614464899742,10000,20261035
0,0.95,adapted_ADH_minus_static,7,-75.00247284080801,-210.5813656731872,16.747753401416926,10000,20261014
0,0.95,adapted_ADH_minus_static,14,-75.00247284080801,-213.8579475587406,22.016460443533948,10000,20261021
0,0.95,adapted_ADH_minus_static,28,-75.00247284080801,-232.37696614357137,17.892414577567774,10000,20261035
0,0.95,interaction_rolling_vs_static,7,0.0,0.0,0.0,10000,20261014
0,0.95,interaction_rolling_vs_static,14,0.0,0.0,0.0,10000,20261021
0,0.95,interaction_rolling_vs_static,28,0.0,0.0,0.0,10000,20261035
0,0.95,interaction_ADH_vs_static,7,0.0,0.0,0.0,10000,20261014
0,0.95,interaction_ADH_vs_static,14,0.0,0.0,0.0,10000,20261021
0,0.95,interaction_ADH_vs_static,28,0.0,0.0,0.0,10000,20261035
6,0.9,adapted_minus_fixed_static,7,-16.258368335885997,-25.935521803057163,-7.849911695690605,10000,20261014
6,0.9,adapted_minus_fixed_static,14,-16.258368335885997,-26.133118515408448,-7.648397812258068,10000,20261021
6,0.9,adapted_minus_fixed_static,28,-16.258368335885997,-28.02700934043085,-6.459870744196027,10000,20261035
6,0.9,adapted_minus_fixed_rolling,7,-18.18948744043064,-28.265747161223228,-9.8052430278355,10000,20261014
6,0.9,adapted_minus_fixed_rolling,14,-18.18948744043064,-29.38421774241161,-8.869667913281416,10000,20261021
6,0.9,adapted_minus_fixed_rolling,28,-18.18948744043064,-30.70646931185601,-7.684686043399987,10000,20261035
6,0.9,adapted_minus_fixed_ADH,7,-15.96363997252981,-25.406030526880517,-8.028246494575114,10000,20261014
6,0.9,adapted_minus_fixed_ADH,14,-15.96363997252981,-26.921442646927133,-6.973474065152647,10000,20261021
6,0.9,adapted_minus_fixed_ADH,28,-15.96363997252981,-28.502075109479673,-5.848593353621076,10000,20261035
6,0.9,fixed_rolling_minus_static,7,-37.83296153575046,-106.10617274301327,9.989927666392271,10000,20261014
6,0.9,fixed_rolling_minus_static,14,-37.83296153575046,-109.57400505066975,13.430053930513699,10000,20261021
6,0.9,fixed_rolling_minus_static,28,-37.83296153575046,-120.70232093661947,13.339606324574378,10000,20261035
6,0.9,fixed_ADH_minus_static,7,-49.843183050862955,-136.02828465323861,10.808139063999606,10000,20261014
6,0.9,fixed_ADH_minus_static,14,-49.843183050862955,-138.36940574585574,13.73516646646446,10000,20261021
6,0.9,fixed_ADH_minus_static,28,-49.843183050862955,-151.52252780437217,12.621837793235485,10000,20261035
6,0.9,adapted_rolling_minus_static,7,-39.7640806402951,-104.58187769050637,5.5690026797112,10000,20261014
6,0.9,adapted_rolling_minus_static,14,-39.7640806402951,-106.93983058131414,8.469294076967197,10000,20261021
6,0.9,adapted_rolling_minus_static,28,-39.7640806402951,-115.32537821980591,7.073856874331287,10000,20261035
6,0.9,adapted_ADH_minus_static,7,-49.54845468750677,-131.28407422987652,7.865896314880164,10000,20261014
6,0.9,adapted_ADH_minus_static,14,-49.54845468750677,-132.63064307580038,10.57598249185287,10000,20261021
6,0.9,adapted_ADH_minus_static,28,-49.54845468750677,-144.5327126733598,7.335446806293384,10000,20261035
6,0.9,interaction_rolling_vs_static,7,-1.9311191045446423,-8.117849355513702,4.116882096593184,10000,20261014
6,0.9,interaction_rolling_vs_static,14,-1.9311191045446423,-8.805473756289304,4.746181686765527,10000,20261021
6,0.9,interaction_rolling_vs_static,28,-1.9311191045446423,-8.71446810464994,5.570624147235576,10000,20261035
6,0.9,interaction_ADH_vs_static,7,0.2947283633561859,-6.78377240714392,7.448486002407563,10000,20261014
6,0.9,interaction_ADH_vs_static,14,0.2947283633561859,-7.415227026289889,8.019266020158232,10000,20261021
6,0.9,interaction_ADH_vs_static,28,0.2947283633561859,-7.810312492578942,9.307233481374894,10000,20261035
6,0.95,adapted_minus_fixed_static,7,-6.691549467410208,-19.412184463413936,7.030475868204472,10000,20261014
6,0.95,adapted_minus_fixed_static,14,-6.691549467410208,-21.192593835974865,8.512602695008841,10000,20261021
6,0.95,adapted_minus_fixed_static,28,-6.691549467410208,-23.882127347647423,11.783494162607864,10000,20261035
6,0.95,adapted_minus_fixed_rolling,7,-18.458097513215357,-32.27412688705523,-7.7164642568528246,10000,20261014
6,0.95,adapted_minus_fixed_rolling,14,-18.458097513215357,-33.40552075139121,-6.916424479000738,10000,20261021
6,0.95,adapted_minus_fixed_rolling,28,-18.458097513215357,-33.28814697981093,-6.553361381808025,10000,20261035
6,0.95,adapted_minus_fixed_ADH,7,-17.277373785409726,-30.68342765445458,-7.324233911300405,10000,20261014
6,0.95,adapted_minus_fixed_ADH,14,-17.277373785409726,-31.510756819632938,-6.843619412955962,10000,20261021
6,0.95,adapted_minus_fixed_ADH,28,-17.277373785409726,-31.31242988609483,-6.695864889159916,10000,20261035
6,0.95,fixed_rolling_minus_static,7,-49.28330708283106,-163.44833638986017,28.597437303144886,10000,20261014
6,0.95,fixed_rolling_minus_static,14,-49.28330708283106,-167.07336098984982,33.638807702383694,10000,20261021
6,0.95,fixed_rolling_minus_static,28,-49.28330708283106,-178.54915914932008,33.26216130343466,10000,20261035
6,0.95,fixed_ADH_minus_static,7,-67.67526278765901,-201.48708405588903,26.19828828444388,10000,20261014
6,0.95,fixed_ADH_minus_static,14,-67.67526278765901,-204.24973071351488,30.647285768626453,10000,20261021
6,0.95,fixed_ADH_minus_static,28,-67.67526278765901,-220.86077260439868,28.17549264039877,10000,20261035
6,0.95,adapted_rolling_minus_static,7,-61.049855128636196,-181.398284097786,18.280116984848327,10000,20261014
6,0.95,adapted_rolling_minus_static,14,-61.049855128636196,-185.26984132805075,23.691591804338582,10000,20261021
6,0.95,adapted_rolling_minus_static,28,-61.049855128636196,-198.89453358870205,23.24812010976138,10000,20261035
6,0.95,adapted_ADH_minus_static,7,-78.26108710565855,-218.8798373190113,18.3612122474978,10000,20261014
6,0.95,adapted_ADH_minus_static,14,-78.26108710565855,-223.8611782502694,23.55173929855857,10000,20261021
6,0.95,adapted_ADH_minus_static,28,-78.26108710565855,-243.52865923190208,20.19897167054569,10000,20261035
6,0.95,interaction_rolling_vs_static,7,-11.766548045805147,-24.508876478342813,0.8454405486978096,10000,20261014
6,0.95,interaction_rolling_vs_static,14,-11.766548045805147,-25.281894782222977,1.4028090020734636,10000,20261021
6,0.95,interaction_rolling_vs_static,28,-11.766548045805147,-24.564149752854256,-0.010892010742925347,10000,20261035
6,0.95,interaction_ADH_vs_static,7,-10.585824317999519,-24.016471030187546,2.337475982507258,10000,20261014
6,0.95,interaction_ADH_vs_static,14,-10.585824317999519,-24.774003398984085,2.76684975066509,10000,20261021
6,0.95,interaction_ADH_vs_static,28,-10.585824317999519,-24.36716944614274,1.3122214247242951,10000,20261035
24,0.9,adapted_minus_fixed_static,7,-24.798283955242468,-40.434209060725124,-11.530993160737399,10000,20261014
24,0.9,adapted_minus_fixed_static,14,-24.798283955242468,-41.03044147398904,-10.512624750568627,10000,20261021
24,0.9,adapted_minus_fixed_static,28,-24.798283955242468,-45.17304862297956,-7.870455774647338,10000,20261035
24,0.9,adapted_minus_fixed_rolling,7,-17.134089669691157,-29.299193983949777,-7.167449357863131,10000,20261014
24,0.9,adapted_minus_fixed_rolling,14,-17.134089669691157,-29.198265304690306,-6.5403381933783775,10000,20261021
24,0.9,adapted_minus_fixed_rolling,28,-17.134089669691157,-29.93071012473837,-5.981098030997012,10000,20261035
24,0.9,adapted_minus_fixed_ADH,7,-16.579950713040166,-28.093824818759362,-6.81196960618169,10000,20261014
24,0.9,adapted_minus_fixed_ADH,14,-16.579950713040166,-28.811278746989366,-5.854930337817611,10000,20261021
24,0.9,adapted_minus_fixed_ADH,28,-16.579950713040166,-29.421999478085294,-5.026741313200563,10000,20261035
24,0.9,fixed_rolling_minus_static,7,-45.636174759227686,-116.63040868952265,5.672144591815638,10000,20261014
24,0.9,fixed_rolling_minus_static,14,-45.636174759227686,-120.98369142976786,10.170160212127831,10000,20261021
24,0.9,fixed_rolling_minus_static,28,-45.636174759227686,-134.2537560096703,11.561127795280719,10000,20261035
24,0.9,fixed_ADH_minus_static,7,-56.79057559624272,-145.6878813056958,6.984613195441421,10000,20261014
24,0.9,fixed_ADH_minus_static,14,-56.79057559624272,-150.53088715097618,12.101632763723162,10000,20261021
24,0.9,fixed_ADH_minus_static,28,-56.79057559624272,-168.06610298182153,12.441663107122684,10000,20261035
24,0.9,adapted_rolling_minus_static,7,-37.971980473676375,-96.13363353544075,3.4990003223198127,10000,20261014
24,0.9,adapted_rolling_minus_static,14,-37.971980473676375,-98.15245157439149,6.540494858761292,10000,20261021
24,0.9,adapted_rolling_minus_static,28,-37.971980473676375,-106.23922533259298,4.93031443643692,10000,20261035
24,0.9,adapted_ADH_minus_static,7,-48.57224235404043,-125.16883281106465,5.510823504170097,10000,20261014
24,0.9,adapted_ADH_minus_static,14,-48.57224235404043,-126.36956625686457,8.443452593515685,10000,20261021
24,0.9,adapted_ADH_minus_static,28,-48.57224235404043,-137.14401229550342,4.56644362891832,10000,20261035
24,0.9,interaction_rolling_vs_static,7,7.6641942855513046,-4.641440807349516,22.28402858512312,10000,20261014
24,0.9,interaction_rolling_vs_static,14,7.6641942855513046,-6.503962667667574,24.249304780871284,10000,20261021
24,0.9,interaction_rolling_vs_static,28,7.6641942855513046,-8.179244727359807,29.315584312990048,10000,20261035
24,0.9,interaction_ADH_vs_static,7,8.218333242202304,-5.347093069927086,23.902622502883283,10000,20261014
24,0.9,interaction_ADH_vs_static,14,8.218333242202304,-7.640602314858224,26.12928531942958,10000,20261021
24,0.9,interaction_ADH_vs_static,28,8.218333242202304,-9.878854058745505,31.975156779504186,10000,20261035
24,0.95,adapted_minus_fixed_static,7,-11.294877557489732,-21.233298378083216,-0.39021406405343856,10000,20261014
24,0.95,adapted_minus_fixed_static,14,-11.294877557489732,-21.780601150845058,0.14927743502379828,10000,20261021
24,0.95,adapted_minus_fixed_static,28,-11.294877557489732,-21.87157625307621,-0.27606281072608563,10000,20261035
24,0.95,adapted_minus_fixed_rolling,7,-19.13403884844088,-34.00099979841087,-5.885952890114766,10000,20261014
24,0.95,adapted_minus_fixed_rolling,14,-19.13403884844088,-34.54136584820692,-5.394768879451589,10000,20261021
24,0.95,adapted_minus_fixed_rolling,28,-19.13403884844088,-34.03826014293962,-5.199424402351743,10000,20261035
24,0.95,adapted_minus_fixed_ADH,7,-10.987904302785372,-26.896980200551354,8.725291370027646,10000,20261014
24,0.95,adapted_minus_fixed_ADH,14,-10.987904302785372,-27.72937728018648,8.932829667310841,10000,20261021
24,0.95,adapted_minus_fixed_ADH,28,-10.987904302785372,-28.208956375221003,10.097035619542009,10000,20261035
24,0.95,fixed_rolling_minus_static,7,-50.61414571852707,-164.03115077429683,28.45130187793841,10000,20261014
24,0.95,fixed_rolling_minus_static,14,-50.61414571852707,-167.7312001946981,34.048274898976786,10000,20261021
24,0.95,fixed_rolling_minus_static,28,-50.61414571852707,-182.17242867594683,35.53631638433908,10000,20261035
24,0.95,fixed_ADH_minus_static,7,-74.83873442472942,-214.14350981040928,24.432177655991133,10000,20261014
24,0.95,fixed_ADH_minus_static,14,-74.83873442472942,-218.6383772410703,29.383705538873517,10000,20261021
24,0.95,fixed_ADH_minus_static,28,-74.83873442472942,-240.55020361807865,28.652632715855592,10000,20261035
24,0.95,adapted_rolling_minus_static,7,-58.45330700947821,-170.73190634521853,17.31702142138492,10000,20261014
24,0.95,adapted_rolling_minus_static,14,-58.45330700947821,-174.27763018527259,22.316694408654236,10000,20261021
24,0.95,adapted_rolling_minus_static,28,-58.45330700947821,-188.67736008394624,21.077011435575837,10000,20261035
24,0.95,adapted_ADH_minus_static,7,-74.53176117002505,-208.1130557276268,17.93070944861447,10000,20261014
24,0.95,adapted_ADH_minus_static,14,-74.53176117002505,-211.25419409532086,21.96170165454398,10000,20261021
24,0.95,adapted_ADH_minus_static,28,-74.53176117002505,-228.28592531082015,17.707179497600414,10000,20261035
24,0.95,interaction_rolling_vs_static,7,-7.839161290951143,-19.070180146718116,2.07934150904833,10000,20261014
24,0.95,interaction_rolling_vs_static,14,-7.839161290951143,-19.512151814359306,2.7942916976220955,10000,20261021
24,0.95,interaction_rolling_vs_static,28,-7.839161290951143,-19.099019000635547,3.2565751131197898,10000,20261035
24,0.95,interaction_ADH_vs_static,7,0.30697325470435943,-12.914836213047801,14.875890939962765,10000,20261014
24,0.95,interaction_ADH_vs_static,14,0.30697325470435943,-13.778370614838105,15.098886038685455,10000,20261021
24,0.95,interaction_ADH_vs_static,28,0.30697325470435943,-14.798499811749231,16.457516045483903,10000,20261035
72,0.9,adapted_minus_fixed_static,7,-28.64699776867338,-48.04306324990717,-11.842003635314823,10000,20261014
72,0.9,adapted_minus_fixed_static,14,-28.64699776867338,-48.877009098804656,-10.313350019771628,10000,20261021
72,0.9,adapted_minus_fixed_static,28,-28.64699776867338,-55.70360836970895,-6.36391472644491,10000,20261035
72,0.9,adapted_minus_fixed_rolling,7,-15.35479518827086,-24.159947485468845,-7.204870440873784,10000,20261014
72,0.9,adapted_minus_fixed_rolling,14,-15.35479518827086,-24.668859191445417,-6.547981402485678,10000,20261021
72,0.9,adapted_minus_fixed_rolling,28,-15.35479518827086,-26.358620919398504,-5.204136028070345,10000,20261035
72,0.9,adapted_minus_fixed_ADH,7,-14.273901464456422,-21.406555105721733,-7.663928927214302,10000,20261014
72,0.9,adapted_minus_fixed_ADH,14,-14.273901464456422,-22.22474380614578,-6.85659817455428,10000,20261021
72,0.9,adapted_minus_fixed_ADH,28,-14.273901464456422,-23.233645109452002,-5.966748887305335,10000,20261035
72,0.9,fixed_rolling_minus_static,7,-47.38298428526421,-111.58535883781997,-0.33576519989101783,10000,20261014
72,0.9,fixed_rolling_minus_static,14,-47.38298428526421,-115.72931296162866,3.6907805468330723,10000,20261021
72,0.9,fixed_rolling_minus_static,28,-47.38298428526421,-127.43845212306071,3.5749100311100688,10000,20261035
72,0.9,fixed_ADH_minus_static,7,-57.91631908747727,-142.18562351446013,2.5815008069138243,10000,20261014
72,0.9,fixed_ADH_minus_static,14,-57.91631908747727,-146.21782885416536,7.1396491027622035,10000,20261021
72,0.9,fixed_ADH_minus_static,28,-57.91631908747727,-161.40136317559228,5.997586144066901,10000,20261035
72,0.9,adapted_rolling_minus_static,7,-34.09078170486169,-85.2042502186129,2.767666542015548,10000,20261014
72,0.9,adapted_rolling_minus_static,14,-34.09078170486169,-87.5370067633913,6.120166329546701,10000,20261021
72,0.9,adapted_rolling_minus_static,28,-34.09078170486169,-92.84642926711109,4.618979233062744,10000,20261035
72,0.9,adapted_ADH_minus_static,7,-43.5432227832603,-112.90078789367325,5.48226207548468,10000,20261014
72,0.9,adapted_ADH_minus_static,14,-43.5432227832603,-114.25644801978561,8.835780889828273,10000,20261021
72,0.9,adapted_ADH_minus_static,28,-43.5432227832603,-122.01774637882214,5.464450062674986,10000,20261035
72,0.9,interaction_rolling_vs_static,7,13.292202580402524,0.047398977566150906,29.58483375530949,10000,20261014
72,0.9,interaction_rolling_vs_static,14,13.292202580402524,-1.2507678070745119,30.612022053940255,10000,20261021
72,0.9,interaction_rolling_vs_static,28,13.292202580402524,-2.7482720960244444,35.79857154830327,10000,20261035
72,0.9,interaction_ADH_vs_static,7,14.373096304216958,-1.0859579749353976,32.824397131460394,10000,20261014
72,0.9,interaction_ADH_vs_static,14,14.373096304216958,-2.6986741873453277,34.19589018958604,10000,20261021
72,0.9,interaction_ADH_vs_static,28,14.373096304216958,-5.126316369888195,40.32605093744145,10000,20261035
72,0.95,adapted_minus_fixed_static,7,-14.326111290087233,-24.96322554206022,-1.9305352851915512,10000,20261014
72,0.95,adapted_minus_fixed_static,14,-14.326111290087233,-24.883447908639656,-1.1255413291483254,10000,20261021
72,0.95,adapted_minus_fixed_static,28,-14.326111290087233,-25.34361894196798,0.35942731578729614,10000,20261035
72,0.95,adapted_minus_fixed_rolling,7,-21.495585857549084,-33.65751655795202,-10.410984015583786,10000,20261014
72,0.95,adapted_minus_fixed_rolling,14,-21.495585857549084,-33.71704361457728,-10.373205417476152,10000,20261021
72,0.95,adapted_minus_fixed_rolling,28,-21.495585857549084,-34.203942533041264,-10.037004550614167,10000,20261035
72,0.95,adapted_minus_fixed_ADH,7,-16.944875715528134,-26.127994161611152,-8.73675526864207,10000,20261014
72,0.95,adapted_minus_fixed_ADH,14,-16.944875715528134,-26.341829465974893,-8.631495025204806,10000,20261021
72,0.95,adapted_minus_fixed_ADH,28,-16.944875715528134,-26.930064831403843,-7.868964281889338,10000,20261035
72,0.95,fixed_rolling_minus_static,7,-46.87930722917327,-152.3720669018347,25.837663669505634,10000,20261014
72,0.95,fixed_rolling_minus_static,14,-46.87930722917327,-156.02404804168407,30.890628978575606,10000,20261021
72,0.95,fixed_rolling_minus_static,28,-46.87930722917327,-167.21220075673202,32.589527810052644,10000,20261035
72,0.95,fixed_ADH_minus_static,7,-71.2956641398212,-203.01565775737703,21.889650236647686,10000,20261014
72,0.95,fixed_ADH_minus_static,14,-71.2956641398212,-207.28046425981083,26.576877446884914,10000,20261021
72,0.95,fixed_ADH_minus_static,28,-71.2956641398212,-223.87057646025895,25.228768302810348,10000,20261035
72,0.95,adapted_rolling_minus_static,7,-54.04878179663511,-157.2350363386374,15.084736096312076,10000,20261014
72,0.95,adapted_rolling_minus_static,14,-54.04878179663511,-160.5853360303368,20.20214887486719,10000,20261021
72,0.95,adapted_rolling_minus_static,28,-54.04878179663511,-171.72119482689286,19.26691823304904,10000,20261035
72,0.95,adapted_ADH_minus_static,7,-73.91442856526209,-201.94532593020074,14.85699393226115,10000,20261014
72,0.95,adapted_ADH_minus_static,14,-73.91442856526209,-204.66145773570852,19.282485182183468,10000,20261021
72,0.95,adapted_ADH_minus_static,28,-73.91442856526209,-220.4738105234687,14.499295159910698,10000,20261035
72,0.95,interaction_rolling_vs_static,7,-7.16947456746185,-19.003206032027226,3.3795572960306637,10000,20261014
72,0.95,interaction_rolling_vs_static,14,-7.16947456746185,-19.841219989619947,4.685595887550986,10000,20261021
72,0.95,interaction_rolling_vs_static,28,-7.16947456746185,-21.676785617467242,6.316808292875918,10000,20261035
72,0.95,interaction_ADH_vs_static,7,-2.6187644254409,-15.868916517511195,10.248882210250892,10000,20261014
72,0.95,interaction_ADH_vs_static,14,-2.6187644254409,-17.033865397208658,10.560018173772292,10000,20261021
72,0.95,interaction_ADH_vs_static,28,-2.6187644254409,-19.57620987949194,12.388406323189612,10000,20261035
168,0.9,adapted_minus_fixed_static,7,-35.31383806779879,-55.39548104586861,-18.750265432096878,10000,20261014
168,0.9,adapted_minus_fixed_static,14,-35.31383806779879,-56.905249491838276,-16.75176372631737,10000,20261021
168,0.9,adapted_minus_fixed_static,28,-35.31383806779879,-63.98015927949403,-13.034964784172086,10000,20261035
168,0.9,adapted_minus_fixed_rolling,7,-21.50088494572374,-33.09180936961634,-11.23144846804409,10000,20261014
168,0.9,adapted_minus_fixed_rolling,14,-21.50088494572374,-33.42038062664766,-10.433797894994315,10000,20261021
168,0.9,adapted_minus_fixed_rolling,28,-21.50088494572374,-34.929188641989505,-8.670049435807167,10000,20261035
168,0.9,adapted_minus_fixed_ADH,7,-17.33145987168371,-26.88123236566456,-8.75953897091928,10000,20261014
168,0.9,adapted_minus_fixed_ADH,14,-17.33145987168371,-27.529297329058625,-8.203660764211632,10000,20261021
168,0.9,adapted_minus_fixed_ADH,28,-17.33145987168371,-28.787558689176567,-6.661922433378004,10000,20261035
168,0.9,fixed_rolling_minus_static,7,-41.58795218307716,-105.57899129329017,3.7532873713298205,10000,20261014
168,0.9,fixed_rolling_minus_static,14,-41.58795218307716,-109.98361286036193,8.158958970671259,10000,20261021
168,0.9,fixed_rolling_minus_static,28,-41.58795218307716,-118.14120879243454,6.756554498307247,10000,20261035
168,0.9,fixed_ADH_minus_static,7,-57.05433300104825,-143.96905461130586,4.540667995209504,10000,20261014
168,0.9,fixed_ADH_minus_static,14,-57.05433300104825,-149.74948054800942,10.248743368761719,10000,20261021
168,0.9,fixed_ADH_minus_static,28,-57.05433300104825,-162.789985929794,7.777227600654967,10000,20261035
168,0.9,adapted_rolling_minus_static,7,-27.774999061002106,-77.60560664083141,7.849550497135872,10000,20261014
168,0.9,adapted_rolling_minus_static,14,-27.774999061002106,-80.05375643509862,10.49962048161297,10000,20261021
168,0.9,adapted_rolling_minus_static,28,-27.774999061002106,-82.49744493575363,7.688591885558508,10000,20261035
168,0.9,adapted_ADH_minus_static,7,-39.07195480493316,-110.74311047300257,10.225608710786533,10000,20261014
168,0.9,adapted_ADH_minus_static,14,-39.07195480493316,-113.20818687394495,13.491444025494946,10000,20261021
168,0.9,adapted_ADH_minus_static,28,-39.07195480493316,-119.06577352896375,8.905290114470006,10000,20261035
168,0.9,interaction_rolling_vs_static,7,13.81295312207506,0.9805986505292558,29.867379480005308,10000,20261014
168,0.9,interaction_rolling_vs_static,14,13.81295312207506,-0.795402770331949,31.569807951422774,10000,20261021
168,0.9,interaction_rolling_vs_static,28,13.81295312207506,-2.1643668288588334,36.16122147121069,10000,20261035
168,0.9,interaction_ADH_vs_static,7,17.98237819611509,2.462137794571974,36.92095799829622,10000,20261014
168,0.9,interaction_ADH_vs_static,14,17.98237819611509,0.6361703383003425,38.595543814456896,10000,20261021
168,0.9,interaction_ADH_vs_static,28,17.98237819611509,-1.2616670994101364,44.60335588612661,10000,20261035
168,0.95,adapted_minus_fixed_static,7,-26.768778269395696,-38.90876790662889,-16.181802414551093,10000,20261014
168,0.95,adapted_minus_fixed_static,14,-26.768778269395696,-39.031816470281946,-15.407454038727247,10000,20261021
168,0.95,adapted_minus_fixed_static,28,-26.768778269395696,-41.83217314111862,-14.330709197227296,10000,20261035
168,0.95,adapted_minus_fixed_rolling,7,-29.89487232850683,-46.86946998865106,-16.074079627806118,10000,20261014
168,0.95,adapted_minus_fixed_rolling,14,-29.89487232850683,-47.701003877978295,-15.275960120703283,10000,20261021
168,0.95,adapted_minus_fixed_rolling,28,-29.89487232850683,-47.93813161267736,-14.645198892761746,10000,20261035
168,0.95,adapted_minus_fixed_ADH,7,-23.37618992781145,-40.02969039372292,-9.41059025284414,10000,20261014
168,0.95,adapted_minus_fixed_ADH,14,-23.37618992781145,-41.61879151791955,-8.744321082003491,10000,20261021
168,0.95,adapted_minus_fixed_ADH,28,-23.37618992781145,-41.7136446365312,-7.793203532581867,10000,20261035
168,0.95,fixed_rolling_minus_static,7,-39.37377235563757,-146.2249918128276,35.30990309532419,10000,20261014
168,0.95,fixed_rolling_minus_static,14,-39.37377235563757,-152.28412305911638,39.85214906755212,10000,20261021
168,0.95,fixed_rolling_minus_static,28,-39.37377235563757,-157.89878168489957,39.45784300259484,10000,20261035
168,0.95,fixed_ADH_minus_static,7,-68.67304563956765,-206.1762406214322,29.56287693941573,10000,20261014
168,0.95,fixed_ADH_minus_static,14,-68.67304563956765,-214.43312200868797,36.54855272922327,10000,20261021
168,0.95,fixed_ADH_minus_static,28,-68.67304563956765,-234.4804872701797,35.25560540364992,10000,20261035
168,0.95,adapted_rolling_minus_static,7,-42.49986641474871,-139.6546446386288,22.86562783717011,10000,20261014
168,0.95,adapted_rolling_minus_static,14,-42.49986641474871,-143.26795824143707,25.784989919797173,10000,20261021
168,0.95,adapted_rolling_minus_static,28,-42.49986641474871,-147.3360291080373,22.93072264877395,10000,20261035
168,0.95,adapted_ADH_minus_static,7,-65.28045729798342,-190.7304864720771,20.97599359483988,10000,20261014
168,0.95,adapted_ADH_minus_static,14,-65.28045729798342,-195.88348110615044,25.750580469891954,10000,20261021
168,0.95,adapted_ADH_minus_static,28,-65.28045729798342,-209.6264322941868,21.24928541805073,10000,20261035
168,0.95,interaction_rolling_vs_static,7,-3.1260940591111326,-18.84916435098559,11.69366929160057,10000,20261014
168,0.95,interaction_rolling_vs_static,14,-3.1260940591111326,-21.22471100705841,12.696128962220477,10000,20261021
168,0.95,interaction_rolling_vs_static,28,-3.1260940591111326,-22.023985150929597,13.629976389666265,10000,20261035
168,0.95,interaction_ADH_vs_static,7,3.3925883415842497,-15.044023029017508,22.899895269365356,10000,20261014
168,0.95,interaction_ADH_vs_static,14,3.3925883415842497,-17.163421326041735,23.938297934008926,10000,20261021
168,0.95,interaction_ADH_vs_static,28,3.3925883415842497,-18.132679942108446,27.627272398584108,10000,20261035
