delay_h,predictor,calibrator,nominal,n,covered_n,coverage,width,interval_score
0,fixed,static,0.9,102465,90237,0.8806616893573416,164.77300570629617,350.78062437367277
0,fixed,rolling,0.9,102465,90284,0.881120382569658,176.6860265775887,309.26957350400556
0,fixed,ADH,0.9,102465,91785,0.8957692870736349,193.5180431524589,299.33642978218893
0,fixed,static,0.95,102465,96780,0.9445176401698141,218.3818759417649,422.5677295196161
0,fixed,rolling,0.95,102465,95523,0.9322500365978627,214.7295577757735,364.61044749311105
0,fixed,ADH,0.95,102465,96991,0.9465768799102132,237.16651411355846,347.565256678808
0,adapted,static,0.9,102465,90237,0.8806616893573416,164.77300570629617,350.78062437367277
0,adapted,rolling,0.9,102465,90284,0.881120382569658,176.6860265775887,309.26957350400556
0,adapted,ADH,0.9,102465,91785,0.8957692870736349,193.5180431524589,299.33642978218893
0,adapted,static,0.95,102465,96780,0.9445176401698141,218.3818759417649,422.5677295196161
0,adapted,rolling,0.95,102465,95523,0.9322500365978627,214.7295577757735,364.61044749311105
0,adapted,ADH,0.95,102465,96991,0.9465768799102132,237.16651411355846,347.565256678808
6,fixed,static,0.9,102465,90749,0.8856585175425755,169.36983332432294,369.01511170955894
6,fixed,rolling,0.9,102465,90089,0.8792172937100473,182.7425711990242,331.1821501738084
6,fixed,ADH,0.9,102465,91751,0.8954374664519592,202.47157202980566,319.17192865869595
6,fixed,static,0.95,102465,96835,0.9450544088225248,230.38068077000017,436.15384104971
6,fixed,rolling,0.95,102465,95408,0.9311277021421949,224.58562798154722,386.87053396687895
6,fixed,ADH,0.95,102465,96923,0.9459132386668618,250.08356889523185,368.4785782620509
6,adapted,static,0.9,102465,90374,0.8819987312740936,164.64077299790185,352.75674337367286
6,adapted,rolling,0.9,102465,90282,0.8811008637095593,177.07073828784857,312.99266273337776
6,adapted,ADH,0.9,102465,91770,0.8956228956228957,193.63440165082525,303.2082886861661
6,adapted,static,0.95,102465,96506,0.94184355633631,215.39530756654693,429.46229158229977
6,adapted,rolling,0.95,102465,95538,0.932396428048602,215.56617805383974,368.41243645366353
6,adapted,ADH,0.95,102465,96885,0.945542380324989,239.91184225552985,351.20120447664124
24,fixed,static,0.9,102465,90620,0.8843995510662177,169.30974576663732,378.58846201815675
24,fixed,rolling,0.9,102465,90143,0.8797443029327088,183.0813558301769,332.95228725892906
24,fixed,ADH,0.9,102465,91956,0.8974381496120627,204.302455153061,321.79788642191403
24,fixed,static,0.95,102465,96904,0.9457278094959254,235.71088308670997,441.3431423340108
24,fixed,rolling,0.95,102465,95340,0.9304640608988435,225.66515349467258,390.7289966154838
24,fixed,ADH,0.95,102465,96980,0.9464695261796711,254.8668115805791,366.5044079092815
24,adapted,static,0.9,102465,90277,0.8810520665593129,166.1804422483983,353.79017806291426
24,adapted,rolling,0.9,102465,90297,0.8812472551602987,177.87396969734286,315.8181975892379
24,adapted,ADH,0.9,102465,91876,0.8966573952081198,195.82880236420314,305.2179357088738
24,adapted,static,0.95,102465,96354,0.9403601229688187,215.5983110043461,430.04826477652125
24,adapted,rolling,0.95,102465,95508,0.9321036451471234,217.06977055320516,371.59495776704296
24,adapted,ADH,0.95,102465,97028,0.9469379788220368,242.04154772513854,355.51650360649614
72,fixed,static,0.9,102465,90591,0.8841165275947884,170.644534367348,375.3936854445264
72,fixed,rolling,0.9,102465,90493,0.8831601034499585,184.08635914534318,328.01070115926217
72,fixed,ADH,0.9,102465,91988,0.8977504513736397,203.16556422920692,317.47736635704916
72,fixed,static,0.95,102465,96910,0.9457863660762211,236.12891092574085,438.41872752172503
72,fixed,rolling,0.95,102465,95438,0.9314204850436735,225.21335654884777,391.53942029255177
72,fixed,ADH,0.95,102465,96974,0.9464109695993754,253.7873564088256,367.1230633819038
72,adapted,static,0.9,102465,90499,0.8832186600302543,166.48125064533036,346.74668767585297
72,adapted,rolling,0.9,102465,90196,0.8802615527253208,175.62763970409873,312.65590597099134
72,adapted,ADH,0.9,102465,91851,0.8964134094568877,192.6772438226922,303.2034648925927
72,adapted,static,0.95,102465,96072,0.9376079636949202,211.44087249565035,424.09261623163775
72,adapted,rolling,0.95,102465,95415,0.9311960181525399,213.78923506715967,370.0438344350027
72,adapted,ADH,0.95,102465,97008,0.9467427902210511,239.04770223220206,350.17818766637566
168,fixed,static,0.9,102465,90905,0.887180988630264,171.651006160236,375.631634024109
168,fixed,rolling,0.9,102465,89923,0.877597228321866,183.59756207809357,334.04368184103186
168,fixed,ADH,0.9,102465,91926,0.8971453667105841,205.5116168537223,318.57730102306084
168,fixed,static,0.95,102465,97019,0.9468501439515933,237.40208114210205,439.3224753615415
168,fixed,rolling,0.95,102465,95317,0.93023959400771,225.20283968320967,399.94870300590395
168,fixed,ADH,0.95,102465,96970,0.9463719318791782,255.65436150367194,370.64942972197383
168,adapted,static,0.9,102465,91194,0.8900014639145074,168.51291899417933,340.3177959563102
168,adapted,rolling,0.9,102465,90052,0.8788561947982237,174.9709104198958,312.54279689530813
168,adapted,ADH,0.9,102465,91888,0.8967745083687113,194.03803048052995,301.2458411513771
168,adapted,static,0.95,102465,96733,0.9440589469574977,217.8595326291819,412.55369709214574
168,adapted,rolling,0.95,102465,95371,0.9307666032303713,213.24921795967293,370.0538306773971
168,adapted,ADH,0.95,102465,96999,0.9466549553506075,239.63408139683202,347.27323979416235
