method,nominal,metric,assignments,mean,sd,minimum,q025,q975,maximum,alphabetical
ADH,0.9,coverage,40,0.8996537842190016,0.0003471190200941155,0.8989801395598497,0.8991038403357243,0.9001903088859611,0.9005709266578832,0.8997804128238911
ADH,0.9,width,40,204.9246356927065,0.3711550841262226,204.04402295698108,204.14789592758433,205.67683756605928,205.69994342751016,204.8834213605808
ADH,0.9,interval_score,40,318.64374770050847,0.3432490733223056,317.8261378280282,318.0583753317707,319.20430991671003,319.3518690612769,318.232747966604
ADH,0.95,coverage,40,0.9482769726247987,0.0003257009790250361,0.9477382520860782,0.9477572829746743,0.9487883667593813,0.9490167374225346,0.9482164641584931
ADH,0.95,width,40,257.4900833703802,0.4516266559864301,256.62540451230643,256.70792792248295,258.32598401908785,258.67482738617184,257.74754927312114
ADH,0.95,interval_score,40,369.19854199202575,0.8893677242014044,367.57450440339426,367.7339790559284,370.9907319772206,371.41726354701495,369.94685996647263
equal_station,0.9,coverage,40,0.8818696628116918,0.000359926875736251,0.8812862928804958,0.8813148392133899,0.8825572146586639,0.8826428536573464,0.8818230615332064
equal_station,0.9,width,40,183.6033685578273,0.1267050462968772,183.39305531887578,183.39507704708257,183.8225143117511,183.82644515169167,183.57521154884344
equal_station,0.9,interval_score,40,329.667346635954,0.2523398474322919,329.19014729202115,329.204993536105,330.1119714691563,330.21734601011747,329.6639342692182
equal_station,0.95,coverage,40,0.9318691748401893,0.00028665020524027925,0.9311960181525399,0.931224564485434,0.9323190845654614,0.9323476308983555,0.9318791782559899
equal_station,0.95,width,40,225.38714112689604,0.21876626289638376,224.86259840366557,225.07862662354566,225.71098760507377,225.88128753257777,225.2536631542195
equal_station,0.95,interval_score,40,390.9647786184096,0.7606657257061141,389.48955880752004,389.62560627627613,392.14119122627994,392.7548631010967,390.8517581506246
global,0.9,coverage,40,0.881880398184746,0.0003621031323962327,0.8812960523105451,0.8813245986434393,0.8825484311716196,0.8826721319474943,0.8818230615332064
global,0.9,width,40,183.61376426271053,0.13170372811506598,183.38731862934227,183.39516362945298,183.82499068949028,183.85137852793125,183.5795798896313
global,0.9,interval_score,40,329.63283169021395,0.2559411280317639,329.1204466176985,329.1534548164282,330.0560605198997,330.19357083749446,329.6253660551237
global,0.95,coverage,40,0.9319255355487239,0.00028613226280374733,0.9311960181525399,0.9313387498170107,0.9323400673400674,0.9324257063387498,0.9319572536963842
global,0.95,width,40,225.44012780815456,0.21772261332319962,224.9030018669256,225.14339561087866,225.7623495166659,225.93556090066863,225.30459371370782
global,0.95,interval_score,40,390.8650943004922,0.7597098403479378,389.442635309975,389.57958881598705,392.06181793056425,392.6743283410127,390.7507318738608
station,0.9,coverage,40,0.8803735421851364,0.0005986735184778296,0.8792270531400966,0.8792460840286928,0.8812252964426878,0.8818913775435514,0.8805152979066022
station,0.9,width,40,184.17774427235565,0.1420000236639173,183.87566213786124,183.97454154748664,184.43121088117113,184.4530842134497,184.1612168717855
station,0.9,interval_score,40,328.09517618943426,0.34255681332272564,327.23641754884954,327.38903648100086,328.7165023303702,328.76920196916114,328.0470314912244
station,0.95,coverage,40,0.9317261991899674,0.0003618480991561545,0.9310886644219978,0.9310981798662957,0.9322617479139218,0.9323378714683063,0.9319474942663348
station,0.95,width,40,225.5698284584555,0.1545633631042004,225.2970029289894,225.33092205788725,225.84744089482805,225.8939622415811,225.39318399502048
station,0.95,interval_score,40,388.6695449204769,0.5304123777515232,387.4124882219127,387.8109816859175,389.448209867559,389.67438177719384,388.77440312520474
