variable,group,calibration_n,test_n,calibration_mean,test_mean,standardized_mean_difference,ks_distance,wasserstein,calibration_q90,test_q90
response,all,103000,102465,73.19218737864078,77.9781583955497,0.058093220942881614,0.04035769969286218,5.4523813800971155,169.0,185.0
response,month_01,8852,8885,61.947243560777224,99.99167135621835,0.3886760348952141,0.15022375073776206,38.12707057162859,152.0,250.0
response,month_02,7987,7555,43.87717541004132,70.76042356055592,0.3463205893121298,0.1895940930484572,31.55501863261089,115.0,210.0
response,month_03,8771,8725,86.97586364154601,89.63896848137536,0.03044993094705581,0.16219504298974316,21.473446853217446,185.0,260.0
response,month_04,8408,8335,73.40863463368221,71.9625674865027,-0.025120536690785396,0.06438053968654414,6.158827953724193,148.0,166.0
response,month_05,8740,8720,54.38977116704805,48.76903669724771,-0.1411559921523764,0.08752020657947224,7.202148615455669,114.0,94.0
response,month_06,8450,8435,58.48906508875739,57.758387670420866,-0.014889880021797319,0.1707284735692013,13.791652827223846,143.0,114.0
response,month_07,8824,8615,62.62012692656392,69.85873476494487,0.17342436948232584,0.10824728001351247,7.84562918416454,115.0,128.0
response,month_08,8727,8854,42.441274206485616,43.947029591145245,0.04286765455657998,0.06045300941292542,3.8782902809305138,100.0,94.69999999999982
response,month_09,8423,8215,49.075863706517865,59.6407790626902,0.2062881692709139,0.08712377761121126,10.564915356172332,122.0,143.0
response,month_10,8565,8665,73.3440747227087,80.03681477207155,0.08234367788909291,0.14547995050914075,22.157280482000267,240.0,184.0
response,month_11,8486,8609,128.81110063634222,97.0362411429899,-0.30899034158180333,0.12508465084593903,31.774859493352317,275.0,216.0
response,month_12,8767,8852,140.60830386677313,142.66290103931314,0.01528648552682151,0.037326949729480474,6.740652606457555,316.0,366.0
abs_residual_fixed,all,103000,102465,54.68248047532648,55.66194082749839,0.01588748213248259,0.01843489157320588,2.5260964590862724,101.45589025626813,112.64236728165753
abs_residual_fixed,month_01,8852,8885,61.417370925449475,79.13174418213394,0.24783040674183648,0.11979968981571776,20.2220688544654,96.16299803678616,173.2168444623116
abs_residual_fixed,month_02,7987,7555,63.081565323049716,63.385768683037604,0.006240108358329166,0.06323122526123481,7.700650605196058,96.33630954698907,108.1825959287648
abs_residual_fixed,month_03,8771,8725,54.07022075274033,76.77724154563273,0.3946630176830169,0.17244808121580657,22.707070153611248,106.19957813654428,180.77741836825842
abs_residual_fixed,month_04,8408,8335,41.19528014951571,43.14272373061652,0.05387339113681193,0.046421824103304976,4.79978002376998,80.12392745917373,95.62011731065068
abs_residual_fixed,month_05,8740,8720,31.06778300217625,32.44621542242847,0.05824168969083266,0.03583912413662793,1.7702258408588938,56.8401524400329,55.929016409986374
abs_residual_fixed,month_06,8450,8435,40.30386807263805,30.702845485612627,-0.3480111057469826,0.16300544013917778,9.60102503329194,72.83251027816814,59.8327498670761
abs_residual_fixed,month_07,8824,8615,28.95300323333064,32.707041151419425,0.1517422995737807,0.07991946987822485,3.754037962510608,56.578051916816655,61.47335511212101
abs_residual_fixed,month_08,8727,8854,36.215524759087046,32.17103219799885,-0.22336359921279694,0.10258986874116871,4.045827338079641,56.78359035795388,55.30999640989244
abs_residual_fixed,month_09,8423,8215,43.427994622883446,41.97324265729375,-0.05525733440614968,0.0887841879200858,3.5795104053202556,70.96914644192977,70.85756627837732
abs_residual_fixed,month_10,8565,8665,62.53917445226188,56.404729713042755,-0.12039423796753952,0.059294172495114705,7.697633849984068,151.24739458307596,103.32628746438438
abs_residual_fixed,month_11,8486,8609,90.7656613520535,63.256713600823566,-0.3283980834933444,0.09982514229431805,27.51386086743695,208.52266453545707,151.0289704185602
abs_residual_fixed,month_12,8767,8852,103.66863393292644,113.56783835435219,0.08391825166234836,0.07808185308141369,10.955027941056395,261.4854653074158,314.51221872512144
abs_residual_adapted,all,103000,102465,47.91393510061304,51.29162883421187,0.057553940409724155,0.03200710116975769,3.9912862413311556,100.84114723991684,112.3542905869745
abs_residual_adapted,month_01,8852,8885,52.52203017769802,76.43990242874992,0.34111669934261357,0.15095640153683365,24.129965655849634,103.84731148510261,159.02502301210595
abs_residual_adapted,month_02,7987,7555,45.99432287567372,58.80536680374873,0.238617158215793,0.16554190433710236,18.12938770349661,83.51097721059911,130.66425799775612
abs_residual_adapted,month_03,8771,8725,50.37169009190671,70.14068104105002,0.36155933574434035,0.1485878541520817,19.7689909491433,108.73843103047756,167.59663934286493
abs_residual_adapted,month_04,8408,8335,38.71225636548341,41.34052358105975,0.06885143122951373,0.05211848686399734,5.285499343341488,80.90094305341427,99.72967263265011
abs_residual_adapted,month_05,8740,8720,27.772644224782187,29.9935151741572,0.08928136401542733,0.04017645329918329,2.221177149941843,55.4073476562574,57.31500209098644
abs_residual_adapted,month_06,8450,8435,35.964353537014006,30.899134289100974,-0.1784679768793546,0.07061567223073767,5.065219516087952,74.61549056119266,64.1002825532921
abs_residual_adapted,month_07,8824,8615,28.498669944841645,33.001886082806074,0.1836353054803428,0.08709922392840924,4.503389409503702,60.20717152204872,64.98904847067199
abs_residual_adapted,month_08,8727,8854,30.15363183641235,26.337280532231112,-0.1920038437094158,0.12694680954130322,3.8333629161072382,56.99840072197359,56.748535226302344
abs_residual_adapted,month_09,8423,8215,35.788010968615474,35.96853647450169,0.006381211784315737,0.028756204662060192,1.4885847167664807,71.38858509683678,73.64981109153878
abs_residual_adapted,month_10,8565,8665,49.620564830870016,47.98672492808441,-0.03468886225073979,0.12724816742004474,11.107821866595412,133.0557213636062,97.1384162414669
abs_residual_adapted,month_11,8486,8609,83.65469992743952,55.94406439053904,-0.35480540664575777,0.1038387497236023,27.710741169807275,189.82294626241844,131.1696330385797
abs_residual_adapted,month_12,8767,8852,95.58114039166604,106.53127356794633,0.10210458500775352,0.045064946698869845,12.848085421184265,231.23243296531834,284.49417352372734
